brand,name,price,gpu,ram_gb,storage,screen_inch,condition,model_code,group,raw_text,scraped_at
Acer,【展示品】Acer Swift Air Ryzen AI 5 330/16G/1T/16吋/銀｛SFA16-61M-R43W｝省$3900,34000,內建顯示,16,1T,16.0,展示品,SFA16-61M-R43W,ACER 筆電區,"【展示品】Acer Swift Air Ryzen AI 5 330/16G/1T/16吋/銀｛SFA16-61M-R43W｝省$3900, $34000 ★",2026-10-10 05:47
Acer,【展示品】Acer Swift Lite /U7-155U/32G/512G/14吋/幻境粉｛SFL14-54M-73E9｝省$4000,31900,內建顯示,32,512G,14.0,展示品,SFL14-54M-73E9,ACER 筆電區,"【展示品】Acer Swift Lite /U7-155U/32G/512G/14吋/幻境粉｛SFL14-54M-73E9｝省$4000, $31900 ★",2026-10-10 05:47
Acer,【維修品】Acer Swift Edge /R7-7735U/16G/512G/16吋/極光銀 ｛SFE16-42-R260｝省$7900,30000,內建顯示,16,512G,16.0,維修品,SFE16-42-R260,ACER 筆電區,"【維修品】Acer Swift Edge /R7-7735U/16G/512G/16吋/極光銀 ｛SFE16-42-R260｝省$7900, $30000 ★",2026-10-10 05:47
Acer,【展示品】Acer Helios Neo Ultra 7-255H/RTX5060/32G/1T/14.5吋/黑｛PHN14-71-74GT｝省$17400,67500,RTX5060,32,1T,14.5,展示品,PHN14-71-74GT,ACER 筆電區,"【展示品】Acer Helios Neo Ultra 7-255H/RTX5060/32G/1T/14.5吋/黑｛PHN14-71-74GT｝省$17400, $67500 ★",2026-10-10 05:47
Acer,【展示品】Acer Nitro R9-365/RTX5070/32G/1T/16吋/黑｛AN16S-61-R23D｝省$6500,64900,RTX5070,32,1T,16.0,展示品,AN16S-61-R23D,ACER 筆電區,"【展示品】Acer Nitro R9-365/RTX5070/32G/1T/16吋/黑｛AN16S-61-R23D｝省$6500, $64900 ★",2026-10-10 05:47
Acer,【展示品】Acer Nitro V R5-8645HS/RTX4050/16G/512G/14.5吋/白｛ANV14-61-R74R｝省$4000,35900,RTX4050,16,512G,14.5,展示品,ANV14-61-R74R,ACER 筆電區,"【展示品】Acer Nitro V R5-8645HS/RTX4050/16G/512G/14.5吋/白｛ANV14-61-R74R｝省$4000, $35900 ★",2026-10-10 05:47
Lenovo,【展示品】Lenovo IdeaPad 5 /i5-13420H/16G/1T/14吋/灰｛83HR001HTW｝省$1490,23500,內建顯示,16,1T,14.0,展示品,83HR001HTW,LENOVO 筆電區,"【展示品】Lenovo IdeaPad 5 /i5-13420H/16G/1T/14吋/灰｛83HR001HTW｝省$1490, $23500 ★",2026-10-10 05:47
ASUS,【展示品】華碩 Vivobook Core 5 320/8G/512G/15吋 午夜藍X1504MA 省$3000,20999,內建顯示,8,512G,15.0,展示品,,華碩 筆電區,"【展示品】華碩 Vivobook Core 5 320/8G/512G/15吋 午夜藍X1504MA 省$3000, $20999 ◆ ★",2026-10-10 05:47
ASUS,【展示品】華碩 TUF Ryzen AI 9 465/RTX5060/32G/1T/14吋 銀 FA401GM 省$3000,65900,RTX5060,32,1T,14.0,展示品,,華碩 筆電區,"【展示品】華碩 TUF Ryzen AI 9 465/RTX5060/32G/1T/14吋 銀 FA401GM 省$3000, $65900 ◆ ★",2026-10-10 05:47
Acer,Acer Aspire 7 Core 5-210H/RTX3050/16G/512G/15.6吋/黑｛A715-59G-55LN｝,33900,RTX3050,16,512G,15.6,新品,A715-59G-55LN,15吋 Acer宏碁 Aspire 7 系列,"Acer Aspire 7 Core 5-210H/RTX3050/16G/512G/15.6吋/黑｛A715-59G-55LN｝, $33900 ◆ ★",2026-10-10 05:47
Acer,Acer Aspire 7 Core 5-210H/RTX4050/16G/512G/15.6吋/黑｛A715-59G-565X｝,38900,RTX4050,16,512G,15.6,新品,A715-59G-565X,15吋 Acer宏碁 Aspire 7 系列,"Acer Aspire 7 Core 5-210H/RTX4050/16G/512G/15.6吋/黑｛A715-59G-565X｝, $38900 ◆ ★",2026-10-10 05:47
Acer,Acer Aspire Lite Core 5-210H/8G/512G/14吋/銀｛AL14-72P-59YA｝,23900,內建顯示,8,512G,14.0,新品,AL14-72P-59YA,14吋 Acer宏碁 Aspire Lite 系列,"Acer Aspire Lite Core 5-210H/8G/512G/14吋/銀｛AL14-72P-59YA｝, $23900 ◆ ★",2026-10-10 05:47
Acer,Acer Aspire Lite Ultra 5-115U/16G/512G/14吋/白｛AL14-53P-52QJ｝,25900,內建顯示,16,512G,14.0,新品,AL14-53P-52QJ,14吋 Acer宏碁 Aspire Lite 系列,"Acer Aspire Lite Ultra 5-115U/16G/512G/14吋/白｛AL14-53P-52QJ｝, $25900 ★",2026-10-10 05:47
Acer,Acer Aspire Lite R7-7730U/8G/512G/15.6吋/白｛AL15-49P-R1J4｝,20900,內建顯示,8,512G,15.6,新品,AL15-49P-R1J4,15吋 Acer宏碁 Aspire Lite 系列,"Acer Aspire Lite R7-7730U/8G/512G/15.6吋/白｛AL15-49P-R1J4｝, $20900 ◆ ★",2026-10-10 05:47
Acer,Acer Aspire Lite Ultra 5-125H/32G/512G/15.6吋/銀｛AL15-74P-589G｝,33900,內建顯示,32,512G,15.6,新品,AL15-74P-589G,15吋 Acer宏碁 Aspire Lite 系列,"Acer Aspire Lite Ultra 5-125H/32G/512G/15.6吋/銀｛AL15-74P-589G｝, $33900 ★",2026-10-10 05:47
Acer,Acer Aspire Lite Ultra 5-125H/16G/512G/15.6吋/銀｛AL15-74T-51XV｝〈觸控〉,27900,內建顯示,16,512G,15.6,新品,AL15-74T-51XV,15吋 Acer宏碁 Aspire Lite 系列,"Acer Aspire Lite Ultra 5-125H/16G/512G/15.6吋/銀｛AL15-74T-51XV｝〈觸控〉, $27900 ★",2026-10-10 05:47
Acer,Acer Aspire Lite Ultra 7-155H/16G/512G/15.6吋/銀｛AL15-74P-712A｝,31900,內建顯示,16,512G,15.6,新品,AL15-74P-712A,15吋 Acer宏碁 Aspire Lite 系列,"Acer Aspire Lite Ultra 7-155H/16G/512G/15.6吋/銀｛AL15-74P-712A｝, $31900 ◆ ★",2026-10-10 05:47
Acer,Acer Aspire Lite Core 5-210H/16G/512G/15.6吋/藍｛AL15-73P-56AE｝,28900,內建顯示,16,512G,15.6,新品,AL15-73P-56AE,15吋 Acer宏碁 Aspire Lite 系列,"Acer Aspire Lite Core 5-210H/16G/512G/15.6吋/藍｛AL15-73P-56AE｝, $28900 ★",2026-10-10 05:47
Acer,Acer Aspire Lite Ultra 5-226V/16G/512G/15.6吋/銀｛AL15-57P-50AK｝,29900,內建顯示,16,512G,15.6,新品,AL15-57P-50AK,15吋 Acer宏碁 Aspire Lite 系列,"Acer Aspire Lite Ultra 5-226V/16G/512G/15.6吋/銀｛AL15-57P-50AK｝, $29900 ★",2026-10-10 05:47
Acer,Acer Aspire Lite Ultra 5-115U/16G/512G/16吋/銀｛AM16-53P-53HR｝,25900,內建顯示,16,512G,16.0,新品,AM16-53P-53HR,16吋 Acer宏碁 Aspire Lite 系列,"Acer Aspire Lite Ultra 5-115U/16G/512G/16吋/銀｛AM16-53P-53HR｝, $25900 ◆ ★",2026-10-10 05:47
Acer,Acer Aspire Lite Ultra 5-125H/16G/512G/16吋/銀｛AL16-74P-5985｝,25900,內建顯示,16,512G,16.0,新品,AL16-74P-5985,16吋 Acer宏碁 Aspire Lite 系列,"Acer Aspire Lite Ultra 5-125H/16G/512G/16吋/銀｛AL16-74P-5985｝, $25900 ◆ ★",2026-10-10 05:47
Acer,Acer Aspire Lite Ultra 5-125H/16G/512G/16吋/銀｛AL16-74T-56K4｝〈觸控〉,28900,內建顯示,16,512G,16.0,新品,AL16-74T-56K4,16吋 Acer宏碁 Aspire Lite 系列,"Acer Aspire Lite Ultra 5-125H/16G/512G/16吋/銀｛AL16-74T-56K4｝〈觸控〉, $28900 ◆ ★",2026-10-10 05:47
Acer,Acer Aspire Lite Core 3 N355/8G/512G/17.3吋/銀｛AL17-31P-363V｝,17900,內建顯示,8,512G,17.3,新品,AL17-31P-363V,17吋 Acer宏碁 Aspire Lite 系列,"Acer Aspire Lite Core 3 N355/8G/512G/17.3吋/銀｛AL17-31P-363V｝, $17900 ◆ ★",2026-10-10 05:47
Acer,Acer Aspire Lite Ultra7-155U/16G/512G/17.3吋/銀｛AL17-52P-78QF｝,30900,內建顯示,16,512G,17.3,新品,AL17-52P-78QF,17吋 Acer宏碁 Aspire Lite 系列,"Acer Aspire Lite Ultra7-155U/16G/512G/17.3吋/銀｛AL17-52P-78QF｝, $30900 ◆ ★",2026-10-10 05:47
Acer,Acer Aspire Spin Ryzen AI 5 330/16G/512G/14吋/銀｛ASP14-61N-R0ZS｝〈觸控翻轉〉,29900,內建顯示,16,512G,14.0,新品,ASP14-61N-R0ZS,14吋 Acer宏碁 Aspire Spin 系列,"Acer Aspire Spin Ryzen AI 5 330/16G/512G/14吋/銀｛ASP14-61N-R0ZS｝〈觸控翻轉〉, $29900 ◆ ★",2026-10-10 05:47
Acer,Acer Aspire Spin Ryzen AI 5 330/16G/512G/15.3吋/銀｛ASP15-61N-R27Y｝〈觸控翻轉〉,30900,內建顯示,16,512G,15.3,新品,ASP15-61N-R27Y,15吋 Acer宏碁 Aspire Spin 系列,"Acer Aspire Spin Ryzen AI 5 330/16G/512G/15.3吋/銀｛ASP15-61N-R27Y｝〈觸控翻轉〉, $30900 ◆ ★",2026-10-10 05:47
Acer,Acer Aspire Spin Ultra 5-125U/16G/512G/15.3吋/銀｛ASP15-51N-57Z5｝〈觸控翻轉〉,31900,內建顯示,16,512G,15.3,新品,ASP15-51N-57Z5,15吋 Acer宏碁 Aspire Spin 系列,"Acer Aspire Spin Ultra 5-125U/16G/512G/15.3吋/銀｛ASP15-51N-57Z5｝〈觸控翻轉〉, $31900 ◆ ★",2026-10-10 05:47
Acer,Acer Nitro R9-365/RTX5060/16G/512G/16吋/黑｛AN16S-61-R9JT｝,56900,RTX5060,16,512G,16.0,新品,AN16S-61-R9JT,16吋 Acer宏碁 Nitro 電競機,"Acer Nitro R9-365/RTX5060/16G/512G/16吋/黑｛AN16S-61-R9JT｝, $56900 ◆ ★",2026-10-10 05:47
Acer,Acer Nitro V i5-13420H/RTX5060/16G/512G/15.6吋/黑｛ANV15-52-53GB｝,40900,RTX5060,16,512G,15.6,新品,ANV15-52-53GB,15吋 Acer宏碁 Nitro V 電競機,"Acer Nitro V i5-13420H/RTX5060/16G/512G/15.6吋/黑｛ANV15-52-53GB｝, $40900 ◆ ★",2026-10-10 05:47
Acer,Acer Nitro V R5-240/RTX5050/16G/512G/16吋/黑｛ANV16S-41-R14L｝,52900,RTX5050,16,512G,16.0,新品,ANV16S-41-R14L,16吋 Acer宏碁 Nitro V 電競機,"Acer Nitro V R5-240/RTX5050/16G/512G/16吋/黑｛ANV16S-41-R14L｝, $52900 ◆ ★",2026-10-10 05:47
Acer,Acer Nitro V R5-240/RTX5060/16G/512G/16吋/黑｛ANV16S-41-R5FT｝,56900,RTX5060,16,512G,16.0,新品,ANV16S-41-R5FT,16吋 Acer宏碁 Nitro V 電競機,"Acer Nitro V R5-240/RTX5060/16G/512G/16吋/黑｛ANV16S-41-R5FT｝, $56900 ◆ ★",2026-10-10 05:47
Acer,Acer Nitro V Ryzen AI 7 450/RTX5060/16G/512G/16吋/黑｛ANV16-A71-R0P1｝,58900,RTX5060,16,512G,16.0,新品,ANV16-A71-R0P1,16吋 Acer宏碁 Nitro V 電競機,"Acer Nitro V Ryzen AI 7 450/RTX5060/16G/512G/16吋/黑｛ANV16-A71-R0P1｝, $58900 ★",2026-10-10 05:47
Acer,Acer Nitro V Ryzen AI 9 465/RTX5070/16G/512G/16吋/黑｛ANV16-A71-R2A2｝,66900,RTX5070,16,512G,16.0,新品,ANV16-A71-R2A2,16吋 Acer宏碁 Nitro V 電競機,"Acer Nitro V Ryzen AI 9 465/RTX5070/16G/512G/16吋/黑｛ANV16-A71-R2A2｝, $66900 ★",2026-10-10 05:47
Acer,Acer Helios Neo Ultra 7-255H/RTX5060/32G/1T/14.5吋/黑｛PHN14-71-74GT｝,86900,RTX5060,32,1T,14.5,新品,PHN14-71-74GT,14吋 Acer宏碁 Predator Helios Neo 14 電競機〈官網登錄送一年延保〉,"Acer Helios Neo Ultra 7-255H/RTX5060/32G/1T/14.5吋/黑｛PHN14-71-74GT｝, $86900 ◆ ★",2026-10-10 05:47
Acer,Acer Helios Neo Ultra 9-285H/RTX5070/32G/1T/14.5吋/黑｛PHN14-71-96GV｝,92900,RTX5070,32,1T,14.5,新品,PHN14-71-96GV,14吋 Acer宏碁 Predator Helios Neo 14 電競機〈官網登錄送一年延保〉,"Acer Helios Neo Ultra 9-285H/RTX5070/32G/1T/14.5吋/黑｛PHN14-71-96GV｝, $92900 ◆ ★ ↓酷幣9999↓",2026-10-10 05:47
Acer,Acer Helios Neo Ultra 7-255HX/RTX5060/16G/512G/16吋/黑｛PHN16-73-71BP｝,65900,RTX5060,16,512G,16.0,新品,PHN16-73-71BP,16吋 Acer宏碁 Predator Helios Neo 16 電競機〈官網登錄送一年延保〉,"Acer Helios Neo Ultra 7-255HX/RTX5060/16G/512G/16吋/黑｛PHN16-73-71BP｝, $65900 ◆ ★",2026-10-10 05:47
Acer,Acer Helios Neo Ultra 9-275HX/RTX5060/16G/512G/16吋/黑｛PHN16-73-900P｝,67800,RTX5060,16,512G,16.0,新品,PHN16-73-900P,16吋 Acer宏碁 Predator Helios Neo 16 電競機〈官網登錄送一年延保〉,"Acer Helios Neo Ultra 9-275HX/RTX5060/16G/512G/16吋/黑｛PHN16-73-900P｝, $67800 ◆ ★",2026-10-10 05:47
Acer,Acer Helios Neo Ultra 9-275HX/RTX5070/16G/512G/16吋/黑｛PHN16-73-92G5｝,72800,RTX5070,16,512G,16.0,新品,PHN16-73-92G5,16吋 Acer宏碁 Predator Helios Neo 16 電競機〈官網登錄送一年延保〉,"Acer Helios Neo Ultra 9-275HX/RTX5070/16G/512G/16吋/黑｛PHN16-73-92G5｝, $72800 ◆ ★",2026-10-10 05:47
Acer,Acer Helios Neo Ultra 7-255HX/RTX5060/16G/512G/16吋/黑｛PHN16S-71-79XM｝,59900,RTX5060,16,512G,16.0,新品,PHN16S-71-79XM,16吋 Acer宏碁 Predator Helios Neo 16S AI 電競機〈官網登錄送一年延保〉,"Acer Helios Neo Ultra 7-255HX/RTX5060/16G/512G/16吋/黑｛PHN16S-71-79XM｝, $59900 ◆ ★",2026-10-10 05:47
Acer,Acer Helios Neo Ultra 9-275HX/RTX5060/16G/512G/16吋/黑｛PHN16S-71-94UX｝,64900,RTX5060,16,512G,16.0,新品,PHN16S-71-94UX,16吋 Acer宏碁 Predator Helios Neo 16S AI 電競機〈官網登錄送一年延保〉,"Acer Helios Neo Ultra 9-275HX/RTX5060/16G/512G/16吋/黑｛PHN16S-71-94UX｝, $64900 ◆ ★",2026-10-10 05:47
Acer,Acer Helios Neo Ultra 9-275HX/RTX5070/16G/512G/16吋/黑｛PHN16S-71-90J2｝,68900,RTX5070,16,512G,16.0,新品,PHN16S-71-90J2,16吋 Acer宏碁 Predator Helios Neo 16S AI 電競機〈官網登錄送一年延保〉,"Acer Helios Neo Ultra 9-275HX/RTX5070/16G/512G/16吋/黑｛PHN16S-71-90J2｝, $68900 ◆ ★",2026-10-10 05:47
Acer,Acer Helios Neo Ultra 9-275HX/RTX5070Ti/32G/1T/16吋/黑｛PHN16S-71-90TD｝,92900,RTX5070Ti,32,1T,16.0,新品,PHN16S-71-90TD,16吋 Acer宏碁 Predator Helios Neo 16S AI 電競機〈官網登錄送一年延保〉,"Acer Helios Neo Ultra 9-275HX/RTX5070Ti/32G/1T/16吋/黑｛PHN16S-71-90TD｝, $92900 ◆ ★",2026-10-10 05:47
Acer,Acer Swift Lite Ultra 7-155U/32G/512G/14吋/銀｛SFL14-54M-72JK｝【極致輕999克】,35900,內建顯示,32,512G,14.0,新品,SFL14-54M-72JK,14吋 Acer宏碁 Swift Lite 系列,"Acer Swift Lite Ultra 7-155U/32G/512G/14吋/銀｛SFL14-54M-72JK｝【極致輕999克】, $35900 ◆ ★",2026-10-10 05:47
Acer,Acer Swift Lite R5-240/16G/512G/16吋/銀｛SFL16-41M-R10R｝,29900,內建顯示,16,512G,16.0,新品,SFL16-41M-R10R,16吋 Acer宏碁 Swift Lite 系列,"Acer Swift Lite R5-240/16G/512G/16吋/銀｛SFL16-41M-R10R｝, $29900 ◆ ★",2026-10-10 05:47
Acer,Acer Swift Lite Ultra 5-115U/16G/512G/16吋/銀｛SFL16-51M-5184｝,28900,內建顯示,16,512G,16.0,新品,SFL16-51M-5184,16吋 Acer宏碁 Swift Lite 系列,"Acer Swift Lite Ultra 5-115U/16G/512G/16吋/銀｛SFL16-51M-5184｝, $28900 ◆ ★",2026-10-10 05:47
Acer,Acer Swift Lite Ultra 5-115U/16G/512G/16吋/銀｛SFL16-52M-54S8｝,29900,內建顯示,16,512G,16.0,新品,SFL16-52M-54S8,16吋 Acer宏碁 Swift Lite 系列,"Acer Swift Lite Ultra 5-115U/16G/512G/16吋/銀｛SFL16-52M-54S8｝, $29900 ★",2026-10-10 05:47
Acer,Acer Swift Lite Ultra 5-115U/32G/1T/16吋/銀｛SFL16-52M-58U4｝,35900,內建顯示,32,1T,16.0,新品,SFL16-52M-58U4,16吋 Acer宏碁 Swift Lite 系列,"Acer Swift Lite Ultra 5-115U/32G/1T/16吋/銀｛SFL16-52M-58U4｝, $35900 ★",2026-10-10 05:47
Acer,Acer Swift Go AI Ultra 5-226V/16G/512G/14吋/藍｛SFG14-75-542S｝〈IPS面板〉,34900,內建顯示,16,512G,14.0,新品,SFG14-75-542S,14吋 Acer宏碁 Swift Go 系列,"Acer Swift Go AI Ultra 5-226V/16G/512G/14吋/藍｛SFG14-75-542S｝〈IPS面板〉, $34900 ◆ ★",2026-10-10 05:47
Acer,Acer Swift Go AI Ultra 5-228V/32G/512G/14吋/藍｛SFG14-75-5948｝,39900,內建顯示,32,512G,14.0,新品,SFG14-75-5948,14吋 Acer宏碁 Swift Go 系列,"Acer Swift Go AI Ultra 5-228V/32G/512G/14吋/藍｛SFG14-75-5948｝, $39900 ◆ ★",2026-10-10 05:47
Acer,Acer Swift Go AI Ultra 5-226V/16G/512G/14吋/藍｛SFG14-75-59DG｝,35900,內建顯示,16,512G,14.0,新品,SFG14-75-59DG,14吋 Acer宏碁 Swift Go 系列,"Acer Swift Go AI Ultra 5-226V/16G/512G/14吋/藍｛SFG14-75-59DG｝, $35900 ◆ ★",2026-10-10 05:47
Acer,Acer Swift Go AI Ultra 7-258V/32G/1T/14吋/藍｛SFG14-75-76T1｝,46900,內建顯示,32,1T,14.0,新品,SFG14-75-76T1,14吋 Acer宏碁 Swift Go 系列,"Acer Swift Go AI Ultra 7-258V/32G/1T/14吋/藍｛SFG14-75-76T1｝, $46900 ◆ ★",2026-10-10 05:47
Acer,Acer Swift Go AI Ultra 5-226V/16G/512G/16吋/黑｛SFG16-74-59TK｝,37900,內建顯示,16,512G,16.0,新品,SFG16-74-59TK,16吋 Acer宏碁 Swift Go 系列,"Acer Swift Go AI Ultra 5-226V/16G/512G/16吋/黑｛SFG16-74-59TK｝, $37900 ◆ ★",2026-10-10 05:47
Acer,Acer Swift Go AI Ultra 5-228V/32G/512G/16吋/黑｛SFG16-74-58QT｝,43900,內建顯示,32,512G,16.0,新品,SFG16-74-58QT,16吋 Acer宏碁 Swift Go 系列,"Acer Swift Go AI Ultra 5-228V/32G/512G/16吋/黑｛SFG16-74-58QT｝, $43900 ◆ ★",2026-10-10 05:47
Acer,Acer Swift Go AI Ultra 7-258V/32G/1T/16吋/黑｛SFG16-74-79T3｝,48900,內建顯示,32,1T,16.0,新品,SFG16-74-79T3,16吋 Acer宏碁 Swift Go 系列,"Acer Swift Go AI Ultra 7-258V/32G/1T/16吋/黑｛SFG16-74-79T3｝, $48900 ◆ ★",2026-10-10 05:47
Acer,Acer Swift Air Ryzen AI 5 330/16G/512G/14吋/勃根地紅｛SFA14-61M-R30L｝,30900,內建顯示,16,512G,14.0,新品,SFA14-61M-R30L,14吋 Acer宏碁 Swift Air 系列,"Acer Swift Air Ryzen AI 5 330/16G/512G/14吋/勃根地紅｛SFA14-61M-R30L｝, $30900 ★",2026-10-10 05:47
Acer,Acer Swift Air Ultra 5-115U/16G/512G/14吋/銀｛SFA14-52M-516J｝【極致輕999克】,27900,內建顯示,16,512G,14.0,新品,SFA14-52M-516J,14吋 Acer宏碁 Swift Air 系列,"Acer Swift Air Ultra 5-115U/16G/512G/14吋/銀｛SFA14-52M-516J｝【極致輕999克】, $27900 ★",2026-10-10 05:47
Acer,Acer Swift Air Ultra 5-125H/16G/512G/14吋/銀｛SFA14-71M-57TB｝,32900,內建顯示,16,512G,14.0,新品,SFA14-71M-57TB,14吋 Acer宏碁 Swift Air 系列,"Acer Swift Air Ultra 5-125H/16G/512G/14吋/銀｛SFA14-71M-57TB｝, $32900 ★",2026-10-10 05:47
Acer,Acer Swift Air Ultra 5-125H/32G/512G/14吋/銀｛SFA14-71M-52EM｝,37900,內建顯示,32,512G,14.0,新品,SFA14-71M-52EM,14吋 Acer宏碁 Swift Air 系列,"Acer Swift Air Ultra 5-125H/32G/512G/14吋/銀｛SFA14-71M-52EM｝, $37900 ★",2026-10-10 05:47
Acer,Acer Swift Air Ultra 7-155H/32G/512G/14吋/粉｛SFA14-71M-72Q2｝,42900,內建顯示,32,512G,14.0,新品,SFA14-71M-72Q2,14吋 Acer宏碁 Swift Air 系列,"Acer Swift Air Ultra 7-155H/32G/512G/14吋/粉｛SFA14-71M-72Q2｝, $42900 ★",2026-10-10 05:47
Acer,Acer Swift Air Ultra 7-155H/32G/512G/14吋/銀｛SFA14-71M-791S｝,42900,內建顯示,32,512G,14.0,新品,SFA14-71M-791S,14吋 Acer宏碁 Swift Air 系列,"Acer Swift Air Ultra 7-155H/32G/512G/14吋/銀｛SFA14-71M-791S｝, $42900 ★",2026-10-10 05:47
Acer,Acer Swift Air Ryzen AI 5 330/16G/512G/16吋/銀｛SFA16-61M-R8U8｝【極致輕999克】,33900,內建顯示,16,512G,16.0,新品,SFA16-61M-R8U8,16吋 Acer宏碁 Swift Air 系列,"Acer Swift Air Ryzen AI 5 330/16G/512G/16吋/銀｛SFA16-61M-R8U8｝【極致輕999克】, $33900 ◆ ★",2026-10-10 05:47
Acer,Acer Swift Air Ryzen AI 5 330/16G/512G/16吋/白｛SFA16-61M-R3W0｝,34900,內建顯示,16,512G,16.0,新品,SFA16-61M-R3W0,16吋 Acer宏碁 Swift Air 系列,"Acer Swift Air Ryzen AI 5 330/16G/512G/16吋/白｛SFA16-61M-R3W0｝, $34900 ◆ ★",2026-10-10 05:47
Acer,Acer Swift Air Ryzen AI 7 350/16G/512G/16吋/銀｛SFA16-61M-R1PN｝【極致輕999克】,37900,內建顯示,16,512G,16.0,新品,SFA16-61M-R1PN,16吋 Acer宏碁 Swift Air 系列,"Acer Swift Air Ryzen AI 7 350/16G/512G/16吋/銀｛SFA16-61M-R1PN｝【極致輕999克】, $37900 ★",2026-10-10 05:47
Acer,Acer Swift Air Ryzen AI 7 350/16G/512G/16吋/白｛SFA16-61M-R7T5｝,39900,內建顯示,16,512G,16.0,新品,SFA16-61M-R7T5,16吋 Acer宏碁 Swift Air 系列,"Acer Swift Air Ryzen AI 7 350/16G/512G/16吋/白｛SFA16-61M-R7T5｝, $39900 ◆ ★",2026-10-10 05:47
Acer,Acer Swift Edge Ultra 7-355/32G/512G/14吋/極光銀｛SFE14-I51-77SW｝,58900,內建顯示,32,512G,14.0,新品,SFE14-I51-77SW,14吋/16吋 Acer宏碁 Swift Edge 系列 〈頂級超輕量工作生活筆電〉,"Acer Swift Edge Ultra 7-355/32G/512G/14吋/極光銀｛SFE14-I51-77SW｝, $58900 ◆ ★",2026-10-10 05:47
Lenovo,Lenovo IdeaPad 3 i3-1315U/8G/512G/15.6吋/藍｛82X700LATW｝,15990,內建顯示,8,512G,15.6,新品,82X700LATW,15吋 Lenovo IdeaPad Slim 3 系列,"Lenovo IdeaPad 3 i3-1315U/8G/512G/15.6吋/藍｛82X700LATW｝, $15990 ◆ ★",2026-10-10 05:47
Lenovo,Lenovo IdeaPad 3 Core 5-320/16G/512G/16吋/灰｛83RS001PTW｝,26490,內建顯示,16,512G,16.0,新品,83RS001PTW,16吋 Lenovo IdeaPad Slim 3 系列,"Lenovo IdeaPad 3 Core 5-320/16G/512G/16吋/灰｛83RS001PTW｝, $26490 ◆ ★",2026-10-10 05:47
Lenovo,Lenovo IdeaPad 3 Ultra 5-322/16G/512G/16吋/灰｛83US0050TW｝,32990,內建顯示,16,512G,16.0,新品,83US0050TW,16吋 Lenovo IdeaPad Slim 3 系列,"Lenovo IdeaPad 3 Ultra 5-322/16G/512G/16吋/灰｛83US0050TW｝, $32990 ◆ ★",2026-10-10 05:47
Lenovo,Lenovo IdeaPad Pro 5 Ultra X7-358H/32G/1T/14吋/灰｛83SH000NTW｝,61990,內建顯示,32,1T,14.0,新品,83SH000NTW,14吋 Lenovo IdeaPad Pro 5 系列,"Lenovo IdeaPad Pro 5 Ultra X7-358H/32G/1T/14吋/灰｛83SH000NTW｝, $61990 ◆ ★",2026-10-10 05:47
Lenovo,Lenovo Yoga Slim 7 Ultra 5-325/32G/1T/14吋/貝殼白｛83QK0038TW｝〈觸控〉,68990,內建顯示,32,1T,14.0,新品,83QK0038TW,14吋 Lenovo Yoga Slim / Yoga Pro 系列,"Lenovo Yoga Slim 7 Ultra 5-325/32G/1T/14吋/貝殼白｛83QK0038TW｝〈觸控〉, $68990 ◆ ★",2026-10-10 05:47
Lenovo,Lenovo Yoga Slim 9 Ultra 7-258V/32G/1T/14吋/綠｛83CX0010TW｝〈觸控〉,64500,內建顯示,32,1T,14.0,新品,83CX0010TW,14吋 Lenovo Yoga Slim / Yoga Pro 系列,"Lenovo Yoga Slim 9 Ultra 7-258V/32G/1T/14吋/綠｛83CX0010TW｝〈觸控〉, $64500 ◆ ★",2026-10-10 05:47
Lenovo,Lenovo LOQ R5-7535HS/RTX3050/16G/512G/15.6吋/灰｛83S000A9TW｝,30990,RTX3050,16,512G,15.6,新品,83S000A9TW,15吋 Lenovo LOQ 系列,"Lenovo LOQ R5-7535HS/RTX3050/16G/512G/15.6吋/灰｛83S000A9TW｝, $30990 ◆ ★",2026-10-10 05:47
Lenovo,Lenovo LOQ R7-170/RTX4050/16G/512G/15.6吋/灰｛83S000DNTW｝,35990,RTX4050,16,512G,15.6,新品,83S000DNTW,15吋 Lenovo LOQ 系列,"Lenovo LOQ R7-170/RTX4050/16G/512G/15.6吋/灰｛83S000DNTW｝, $35990 ◆ ★",2026-10-10 05:47
Lenovo,Lenovo LOQ R7-250/RTX5050/16G/512G/15.3吋/灰｛83TN008UTW｝,42990,RTX5050,16,512G,15.3,新品,83TN008UTW,15吋 Lenovo LOQ 系列,"Lenovo LOQ R7-250/RTX5050/16G/512G/15.3吋/灰｛83TN008UTW｝, $42990 ◆ ★",2026-10-10 05:47
Lenovo,Lenovo LOQ R7-250/RTX5060/16G/512G/15.3吋/灰｛83TN004BTW｝,47990,RTX5060,16,512G,15.3,新品,83TN004BTW,15吋 Lenovo LOQ 系列,"Lenovo LOQ R7-250/RTX5060/16G/512G/15.3吋/灰｛83TN004BTW｝, $47990 ◆ ★",2026-10-10 05:47
Lenovo,Lenovo LOQ i5-13450HX/RTX3050/16G/512G/15.6吋/灰｛83DV01GJTW｝,32990,RTX3050,16,512G,15.6,新品,83DV01GJTW,15吋 Lenovo LOQ 系列,"Lenovo LOQ i5-13450HX/RTX3050/16G/512G/15.6吋/灰｛83DV01GJTW｝, $32990 ◆ ★",2026-10-10 05:47
Lenovo,Lenovo LOQ i5-13450HX/RTX4050/16G/512G/15.6吋/灰｛83DV01J3TW｝,37990,RTX4050,16,512G,15.6,新品,83DV01J3TW,15吋 Lenovo LOQ 系列,"Lenovo LOQ i5-13450HX/RTX4050/16G/512G/15.6吋/灰｛83DV01J3TW｝, $37990 ◆ ★",2026-10-10 05:47
Lenovo,Lenovo LOQ i7-13650HX/RTX4050/16G/512G/15.6吋/灰｛83DV01L2TW｝,41990,RTX4050,16,512G,15.6,新品,83DV01L2TW,15吋 Lenovo LOQ 系列,"Lenovo LOQ i7-13650HX/RTX4050/16G/512G/15.6吋/灰｛83DV01L2TW｝, $41990 ◆ ★",2026-10-10 05:47
Lenovo,Lenovo Legion 5 Ultra 7-356H/RTX5060/32G/1T/15.3吋/黑｛83RW0026TW｝,85990,RTX5060,32,1T,15.3,新品,83RW0026TW,15吋 Lenovo Legion 5 系列,"Lenovo Legion 5 Ultra 7-356H/RTX5060/32G/1T/15.3吋/黑｛83RW0026TW｝, $85990 ◆ ★",2026-10-10 05:47
ASUS,華碩 Zenbook Qualcomm/16G/512G/14吋 冰岩灰｛UX3407QA-0112G26100 ｝超輕盈,36999,內建顯示,16,512G,14.0,新品,UX3407QA-0112G26100,14 吋 華碩 Zenbook 系列,"華碩 Zenbook Qualcomm/16G/512G/14吋 冰岩灰｛UX3407QA-0112G26100 ｝超輕盈, $36999 ◆ ★",2026-10-10 05:47
ASUS,華碩 Zenbook Qualcomm/16G/1T/14吋 冰岩灰｛UX3407QA-0102G26100｝超輕盈,41999,內建顯示,16,1T,14.0,新品,UX3407QA-0102G26100,14 吋 華碩 Zenbook 系列,"華碩 Zenbook Qualcomm/16G/1T/14吋 冰岩灰｛UX3407QA-0102G26100｝超輕盈, $41999 ◆ ★",2026-10-10 05:47
ASUS,華碩 Zenbook Ryzen AI 5-430/16G/512G/14吋 玉石黑｛UM3406GA-0042K430H｝OLED,40999,內建顯示,16,512G,14.0,新品,UM3406GA-0042K430H,14 吋 華碩 Zenbook 系列,"華碩 Zenbook Ryzen AI 5-430/16G/512G/14吋 玉石黑｛UM3406GA-0042K430H｝OLED, $40999 ◆ ★",2026-10-10 05:47
ASUS,華碩 Zenbook Ultra 5-225H/16G/512G/14吋 紳士藍｛UX3405CA-0122B225H｝,39999,內建顯示,16,512G,14.0,新品,UX3405CA-0122B225H,14 吋 華碩 Zenbook 系列,"華碩 Zenbook Ultra 5-225H/16G/512G/14吋 紳士藍｛UX3405CA-0122B225H｝, $39999 ◆ ★",2026-10-10 05:47
ASUS,華碩 Zenbook Ultra 5-225H/16G/512G/14吋 白霧銀｛UX3405CA-0182S225H｝,39999,內建顯示,16,512G,14.0,新品,UX3405CA-0182S225H,14 吋 華碩 Zenbook 系列,"華碩 Zenbook Ultra 5-225H/16G/512G/14吋 白霧銀｛UX3405CA-0182S225H｝, $39999 ◆ ★",2026-10-10 05:47
ASUS,華碩 Zenbook Ultra 7-255H/16G/512G/14吋 紳士藍｛UX3405CA-0202B255H｝,44999,內建顯示,16,512G,14.0,新品,UX3405CA-0202B255H,14 吋 華碩 Zenbook 系列,"華碩 Zenbook Ultra 7-255H/16G/512G/14吋 紳士藍｛UX3405CA-0202B255H｝, $44999 ◆ ★",2026-10-10 05:47
ASUS,華碩 Zenbook Ultra 7-255H/16G/512G/14吋 白霧銀｛UX3405CA-0192S255H｝,44999,內建顯示,16,512G,14.0,新品,UX3405CA-0192S255H,14 吋 華碩 Zenbook 系列,"華碩 Zenbook Ultra 7-255H/16G/512G/14吋 白霧銀｛UX3405CA-0192S255H｝, $44999 ◆ ★",2026-10-10 05:47
ASUS,華碩 Zenbook Ultra 7-355/16G/512G/14吋 曜岩灰｛UX5406AA-0082G355｝,57999,內建顯示,16,512G,14.0,新品,UX5406AA-0082G355,14 吋 華碩 Zenbook 系列,"華碩 Zenbook Ultra 7-355/16G/512G/14吋 曜岩灰｛UX5406AA-0082G355｝, $57999 ◆ ★",2026-10-10 05:47
ASUS,華碩 Zenbook Ultra 7-355/16G/512G/14吋 暖煦白｛UX5406AA-0092W355｝,57999,內建顯示,16,512G,14.0,新品,UX5406AA-0092W355,14 吋 華碩 Zenbook 系列,"華碩 Zenbook Ultra 7-355/16G/512G/14吋 暖煦白｛UX5406AA-0092W355｝, $57999 ◆ ★",2026-10-10 05:47
ASUS,華碩 Zenbook Ultra 9-386H/32G/1T/14吋 霧岩灰｛UX5406AA-0042G386H｝32G珍品,76999,內建顯示,32,1T,14.0,新品,UX5406AA-0042G386H,14 吋 華碩 Zenbook 系列,"華碩 Zenbook Ultra 9-386H/32G/1T/14吋 霧岩灰｛UX5406AA-0042G386H｝32G珍品, $76999 ◆ ★",2026-10-10 05:47
ASUS,華碩 Zenbook Duo Ultra X7-358H/16G/512G/14吋 灰｛UX8407AA-0083I358H｝雙螢幕觸控,84999,內建顯示,16,512G,14.0,新品,UX8407AA-0083I358H,14 吋 華碩 Zenbook 系列,"華碩 Zenbook Duo Ultra X7-358H/16G/512G/14吋 灰｛UX8407AA-0083I358H｝雙螢幕觸控, $84999 ◆ ★",2026-10-10 05:47
ASUS,華碩 Zenbook Duo Ultra X9-388H/32G/1T/14吋 灰｛UX8407AA-0033I388H｝雙螢幕觸控,109999,內建顯示,32,1T,14.0,新品,UX8407AA-0033I388H,14 吋 華碩 Zenbook 系列,"華碩 Zenbook Duo Ultra X9-388H/32G/1T/14吋 灰｛UX8407AA-0033I388H｝雙螢幕觸控, $109999 ◆ ★ 熱賣",2026-10-10 05:47
ASUS,華碩 Vivobook Qualcomm/16G/512G/16吋 午夜藍｛X1607QA-0051B26100｝,34999,內建顯示,16,512G,16.0,新品,X1607QA-0051B26100,16 吋 華碩 Zenbook 系列,"華碩 Vivobook Qualcomm/16G/512G/16吋 午夜藍｛X1607QA-0051B26100｝, $34999 ◆ ★",2026-10-10 05:47
ASUS,華碩 Vivobook Qualcomm/16G/512G/16吋 夜幕灰｛S3607QA-0042G26100｝,37999,內建顯示,16,512G,16.0,新品,S3607QA-0042G26100,16 吋 華碩 Zenbook 系列,"華碩 Vivobook Qualcomm/16G/512G/16吋 夜幕灰｛S3607QA-0042G26100｝, $37999 ◆ ★",2026-10-10 05:47
ASUS,華碩 Zenbook Qualcomm/16G/512G/16吋 沙暮金｛UX3607QA-0052D26100｝超輕盈,41999,內建顯示,16,512G,16.0,新品,UX3607QA-0052D26100,16 吋 華碩 Zenbook 系列,"華碩 Zenbook Qualcomm/16G/512G/16吋 沙暮金｛UX3607QA-0052D26100｝超輕盈, $41999 ◆ ★",2026-10-10 05:47
ASUS,華碩 Zenbook Qualcomm/16G/512G/16吋 冰岩灰｛UX3607QA-0062G26100｝超輕盈,41999,內建顯示,16,512G,16.0,新品,UX3607QA-0062G26100,16 吋 華碩 Zenbook 系列,"華碩 Zenbook Qualcomm/16G/512G/16吋 冰岩灰｛UX3607QA-0062G26100｝超輕盈, $41999 ◆ ★",2026-10-10 05:47
ASUS,華碩 Vivobook Core 5 120U/8G/512G/14吋 午夜藍｛X1404VA-0381B120U｝,18999,內建顯示,8,512G,14.0,新品,X1404VA-0381B120U,14吋 華碩 Vivobook GO / Vivobook 系列,"華碩 Vivobook Core 5 120U/8G/512G/14吋 午夜藍｛X1404VA-0381B120U｝, $18999 ◆ ★",2026-10-10 05:47
ASUS,華碩 Vivobook Core 5 120U/8G/512G/14吋 幻彩白｛X1404VA-0421W120U｝,18999,內建顯示,8,512G,14.0,新品,X1404VA-0421W120U,14吋 華碩 Vivobook GO / Vivobook 系列,"華碩 Vivobook Core 5 120U/8G/512G/14吋 幻彩白｛X1404VA-0421W120U｝, $18999 ◆ ★",2026-10-10 05:47
ASUS,華碩 Vivobook Ultra 5-325/16G/512G/14吋 鉑金色｛X1407AA-0041D325｝鉑金大方,32999,內建顯示,16,512G,14.0,新品,X1407AA-0041D325,14吋 華碩 Vivobook GO / Vivobook 系列,"華碩 Vivobook Ultra 5-325/16G/512G/14吋 鉑金色｛X1407AA-0041D325｝鉑金大方, $32999 ◆ ★",2026-10-10 05:47
ASUS,華碩 Vivobook Ultra 5-226V/16G/512G/14吋 迷霧藍｛S5406SA-0068B226V｝超值OLED,35999,內建顯示,16,512G,14.0,新品,S5406SA-0068B226V,14吋 華碩 Vivobook GO / Vivobook 系列,"華碩 Vivobook Ultra 5-226V/16G/512G/14吋 迷霧藍｛S5406SA-0068B226V｝超值OLED, $35999 ◆ ★",2026-10-10 05:47
ASUS,華碩 Vivobook Ultra 5-226V/16G/512G/14吋 玫瑰金｛S5406SA-0078C226V｝超值OLED,35999,內建顯示,16,512G,14.0,新品,S5406SA-0078C226V,14吋 華碩 Vivobook GO / Vivobook 系列,"華碩 Vivobook Ultra 5-226V/16G/512G/14吋 玫瑰金｛S5406SA-0078C226V｝超值OLED, $35999 ◆ ★",2026-10-10 05:47
ASUS,華碩 Vivobook Ultra 5-226V/16G/512G/14吋 莓果粉｛S5406SAL-0198F226V｝萌色動人,34999,內建顯示,16,512G,14.0,新品,S5406SAL-0198F226V,14吋 華碩 Vivobook GO / Vivobook 系列,"華碩 Vivobook Ultra 5-226V/16G/512G/14吋 莓果粉｛S5406SAL-0198F226V｝萌色動人, $34999 ◆ ★ 熱賣",2026-10-10 05:47
ASUS,華碩 Vivobook Ultra 7-256V/16G/512G/14吋 迷霧藍｛S5406SA-0108B256V｝超值OLED,37999,內建顯示,16,512G,14.0,新品,S5406SA-0108B256V,14吋 華碩 Vivobook GO / Vivobook 系列,"華碩 Vivobook Ultra 7-256V/16G/512G/14吋 迷霧藍｛S5406SA-0108B256V｝超值OLED, $37999 ◆ ★",2026-10-10 05:47
ASUS,華碩 Vivobook Core 7 350/16G/512G/14吋 夜幕灰｛S5452MA-0072G350｝,40999,內建顯示,16,512G,14.0,新品,S5452MA-0072G350,14吋 華碩 Vivobook GO / Vivobook 系列,"華碩 Vivobook Core 7 350/16G/512G/14吋 夜幕灰｛S5452MA-0072G350｝, $40999 ◆ ★",2026-10-10 05:47
ASUS,華碩 VivoBook Core 3 100U/8G/512G/15吋 午夜藍｛X1504VA-0611B100U｝文書逸品,17999,內建顯示,8,512G,15.0,新品,X1504VA-0611B100U,15 吋 華碩 VivoBook GO / VivoBook 系列,"華碩 VivoBook Core 3 100U/8G/512G/15吋 午夜藍｛X1504VA-0611B100U｝文書逸品, $17999 ◆ ★",2026-10-10 05:47
ASUS,華碩 VivoBook R7-7840HS/8G/512G/15吋 午夜藍｛M1502XA-0021B7840HS｝,27999,內建顯示,8,512G,15.0,新品,M1502XA-0021B7840HS,15 吋 華碩 VivoBook GO / VivoBook 系列,"華碩 VivoBook R7-7840HS/8G/512G/15吋 午夜藍｛M1502XA-0021B7840HS｝, $27999 ◆ ★ 熱賣",2026-10-10 05:47
ASUS,華碩 VivoBook Core 5 120U/8G/512G/15吋 午夜藍｛X1504VA-0581B120U｝,19999,內建顯示,8,512G,15.0,新品,X1504VA-0581B120U,15 吋 華碩 VivoBook GO / VivoBook 系列,"華碩 VivoBook Core 5 120U/8G/512G/15吋 午夜藍｛X1504VA-0581B120U｝, $19999 ◆ ★",2026-10-10 05:47
ASUS,華碩 VivoBook Core 5 120U/8G/512G/15吋 蜜誘金｛X1504VA-0591C120U｝,19999,內建顯示,8,512G,15.0,新品,X1504VA-0591C120U,15 吋 華碩 VivoBook GO / VivoBook 系列,"華碩 VivoBook Core 5 120U/8G/512G/15吋 蜜誘金｛X1504VA-0591C120U｝, $19999 ◆ ★",2026-10-10 05:47
ASUS,華碩 Vivobook Core 5 320/8G/512G/15吋 午夜藍｛X1504MA-0031B320｝,23999,內建顯示,8,512G,15.0,新品,X1504MA-0031B320,15 吋 華碩 VivoBook GO / VivoBook 系列,"華碩 Vivobook Core 5 320/8G/512G/15吋 午夜藍｛X1504MA-0031B320｝, $23999 ◆ ★",2026-10-10 05:47
ASUS,華碩 Vivobook Core 5 320/8G/512G/15吋 蜜誘金｛X1504MA-0061C320｝,23999,內建顯示,8,512G,15.0,新品,X1504MA-0061C320,15 吋 華碩 VivoBook GO / VivoBook 系列,"華碩 Vivobook Core 5 320/8G/512G/15吋 蜜誘金｛X1504MA-0061C320｝, $23999 ◆ ★",2026-10-10 05:47
ASUS,華碩 VivoBook Core 7 350/8G/512G/15吋 午夜藍｛X1504MA-0081B350｝,27999,內建顯示,8,512G,15.0,新品,X1504MA-0081B350,15 吋 華碩 VivoBook GO / VivoBook 系列,"華碩 VivoBook Core 7 350/8G/512G/15吋 午夜藍｛X1504MA-0081B350｝, $27999 ◆ ★",2026-10-10 05:47
ASUS,華碩 Vivobook Ultra 5-325/16G/512G/16吋 午夜藍｛X1607AA-0031B325｝,35999,內建顯示,16,512G,16.0,新品,X1607AA-0031B325,16 吋 華碩 Vivobook 系列,"華碩 Vivobook Ultra 5-325/16G/512G/16吋 午夜藍｛X1607AA-0031B325｝, $35999 ◆ ★",2026-10-10 05:47
ASUS,華碩 Vivobook Ultra 5-225H/16G/512G/16吋 夜幕灰｛S3607CA-0182G225H｝OLED,35999,內建顯示,16,512G,16.0,新品,S3607CA-0182G225H,16 吋 華碩 Vivobook 系列,"華碩 Vivobook Ultra 5-225H/16G/512G/16吋 夜幕灰｛S3607CA-0182G225H｝OLED, $35999 ◆ ★",2026-10-10 05:47
ASUS,華碩 Vivobook Ultra 5-325/16G/512G/16吋 夜幕灰｛S3607AA-0052G325｝,37999,內建顯示,16,512G,16.0,新品,S3607AA-0052G325,16 吋 華碩 Vivobook 系列,"華碩 Vivobook Ultra 5-325/16G/512G/16吋 夜幕灰｛S3607AA-0052G325｝, $37999 ◆ ★",2026-10-10 05:47
ASUS,華碩 Vivobook Ultra 5-325/16G/512G/16吋 酷玩銀｛S3607AA-0062S325｝,37999,內建顯示,16,512G,16.0,新品,S3607AA-0062S325,16 吋 華碩 Vivobook 系列,"華碩 Vivobook Ultra 5-325/16G/512G/16吋 酷玩銀｛S3607AA-0062S325｝, $37999 ◆ ★",2026-10-10 05:47
ASUS,華碩 Vivobook Ultra 5-325/16G/512G/16吋 瑰蜜粉｛S3607AA-0072C325｝,37999,內建顯示,16,512G,16.0,新品,S3607AA-0072C325,16 吋 華碩 Vivobook 系列,"華碩 Vivobook Ultra 5-325/16G/512G/16吋 瑰蜜粉｛S3607AA-0072C325｝, $37999 ◆ ★",2026-10-10 05:47
ASUS,華碩 Vivobook Ultra 5-325/16G/512G/16吋 開心果綠｛S3607AA-0082E325｝,37999,內建顯示,16,512G,16.0,新品,S3607AA-0082E325,16 吋 華碩 Vivobook 系列,"華碩 Vivobook Ultra 5-325/16G/512G/16吋 開心果綠｛S3607AA-0082E325｝, $37999 ◆ ★",2026-10-10 05:47
ASUS,華碩 Vivobook Core 7 350/16G/256G/16吋 夜幕灰｛S5652MA-0072G350｝,36999,內建顯示,16,256G,16.0,新品,S5652MA-0072G350,16 吋 華碩 Vivobook 系列,"華碩 Vivobook Core 7 350/16G/256G/16吋 夜幕灰｛S5652MA-0072G350｝, $36999 ◆ ★",2026-10-10 05:47
ASUS,華碩 Vivobook Core 7 350/16G/512G/16吋 夜幕灰｛S5652MA-0052G350｝,41999,內建顯示,16,512G,16.0,新品,S5652MA-0052G350,16 吋 華碩 Vivobook 系列,"華碩 Vivobook Core 7 350/16G/512G/16吋 夜幕灰｛S5652MA-0052G350｝, $41999 ◆ ★",2026-10-10 05:47
ASUS,華碩 Vivobook Core 7 350/16G/512G/16吋 酷玩銀｛S5652MA-0062S350｝,41999,內建顯示,16,512G,16.0,新品,S5652MA-0062S350,16 吋 華碩 Vivobook 系列,"華碩 Vivobook Core 7 350/16G/512G/16吋 酷玩銀｛S5652MA-0062S350｝, $41999 ◆ ★",2026-10-10 05:47
ASUS,華碩 V16 蒼藍戰魂 Core 7 240H/RTX3050/16G/512G/16吋 黑｛V3607VJ-0151K240H｝,47999,RTX3050,16,512G,16.0,新品,V3607VJ-0151K240H,16 吋 華碩 Vivobook 系列,"華碩 V16 蒼藍戰魂 Core 7 240H/RTX3050/16G/512G/16吋 黑｛V3607VJ-0151K240H｝, $47999 ◆ ★",2026-10-10 05:47
ASUS,華碩 Vivobook Core 3 304/8G/512G/17吋 午夜藍｛X1704MA-0041B304｝,22999,內建顯示,8,512G,17.0,新品,X1704MA-0041B304,17 吋 華碩 Vivobook 系列,"華碩 Vivobook Core 3 304/8G/512G/17吋 午夜藍｛X1704MA-0041B304｝, $22999 ◆ ★",2026-10-10 05:47
ASUS,華碩 Vivobook Core 5 120U/8G/512G/17吋 午夜藍｛X1704VA-0101B120U｝,24999,內建顯示,8,512G,17.0,新品,X1704VA-0101B120U,17 吋 華碩 Vivobook 系列,"華碩 Vivobook Core 5 120U/8G/512G/17吋 午夜藍｛X1704VA-0101B120U｝, $24999 ◆ ★",2026-10-10 05:47
ASUS,華碩 Vivobook Ryzen AI 7 445/16G/512G/18吋 藍｛M1807GA-0061B445H｝超大尺寸,40999,內建顯示,16,512G,18.0,新品,M1807GA-0061B445H,18 吋 華碩 Vivobook 系列,"華碩 Vivobook Ryzen AI 7 445/16G/512G/18吋 藍｛M1807GA-0061B445H｝超大尺寸, $40999 ◆ ★ 熱賣",2026-10-10 05:47
ASUS,華碩 ROG AMD Ryzen AI MAX+ 395/內顯8060S/64G/1T/13吋 黑｛GZ302EA-0161A395-NBL｝,109999,內建顯示,64,1T,13.0,新品,GZ302EA-0161A395-NBL,13 吋 華碩 TUF Gaming / ROG 電競系列,"華碩 ROG AMD Ryzen AI MAX+ 395/內顯8060S/64G/1T/13吋 黑｛GZ302EA-0161A395-NBL｝, $109999 ◆ ★",2026-10-10 05:47
ASUS,華碩 TUF Ryzen AI MAX+ 392/內顯8060S/32G/1T/14吋 御鐵灰｛FA401EA-0041A392H｝訂,75999,內建顯示,32,1T,14.0,新品,FA401EA-0041A392H,14 吋 華碩 TUF Gaming / ROG 電競系列,"華碩 TUF Ryzen AI MAX+ 392/內顯8060S/32G/1T/14吋 御鐵灰｛FA401EA-0041A392H｝訂, $75999 ◆ ★",2026-10-10 05:47
ASUS,華碩 TUF Ryzen AI 9 465/RTX5060/32G/1T/14吋 御鐵灰｛FA401GM-0021A465H｝,67888,RTX5060,32,1T,14.0,新品,FA401GM-0021A465H,14 吋 華碩 TUF Gaming / ROG 電競系列,"華碩 TUF Ryzen AI 9 465/RTX5060/32G/1T/14吋 御鐵灰｛FA401GM-0021A465H｝, $67888 ◆ ★",2026-10-10 05:47
ASUS,華碩 TUF Ryzen AI 9 465/RTX5060/32G/1T/14吋 月光銀｛FA401GM-0031C465H｝,67888,RTX5060,32,1T,14.0,新品,FA401GM-0031C465H,14 吋 華碩 TUF Gaming / ROG 電競系列,"華碩 TUF Ryzen AI 9 465/RTX5060/32G/1T/14吋 月光銀｛FA401GM-0031C465H｝, $67888 ◆ ★",2026-10-10 05:47
ASUS,華碩 ROG Ryzen AI 9 465/RTX5060/32G/2T/14吋 鉑月銀｛GA403GM-0092H465H-NBLO｝,93999,RTX5060,32,2T,14.0,新品,GA403GM-0092H465H-NBLO,14 吋 華碩 TUF Gaming / ROG 電競系列,"華碩 ROG Ryzen AI 9 465/RTX5060/32G/2T/14吋 鉑月銀｛GA403GM-0092H465H-NBLO｝, $93999 ◆ ★",2026-10-10 05:47
ASUS,華碩 ROG Ultra 9-386H/RTX5070Ti/64G/2T/14吋 鉑月銀｛GU405AR-0028H386H-NBLO｝,139999,RTX5070Ti,64,2T,14.0,新品,GU405AR-0028H386H-NBLO,14 吋 華碩 TUF Gaming / ROG 電競系列,"華碩 ROG Ultra 9-386H/RTX5070Ti/64G/2T/14吋 鉑月銀｛GU405AR-0028H386H-NBLO｝, $139999 ◆ ★",2026-10-10 05:47
ASUS,華碩 TUF R7-170/RTX3050/16G/512G/15吋 黑｛FA506NCQ-0032B170H｝送螢幕護貼,33999,RTX3050,16,512G,15.0,新品,FA506NCQ-0032B170H,15 吋 華碩 TUF Gaming 電競系列,"華碩 TUF R7-170/RTX3050/16G/512G/15吋 黑｛FA506NCQ-0032B170H｝送螢幕護貼, $33999 ◆ ★ 熱賣",2026-10-10 05:47
ASUS,華碩 TUF R7-155/RTX3050/16G/512G/15吋 黑｛FA506NCG-0202B155H｝送螢幕護貼,35999,RTX3050,16,512G,15.0,新品,FA506NCG-0202B155H,15 吋 華碩 TUF Gaming 電競系列,"華碩 TUF R7-155/RTX3050/16G/512G/15吋 黑｛FA506NCG-0202B155H｝送螢幕護貼, $35999 ◆ ★",2026-10-10 05:47
ASUS,華碩 TUF R7-8845HS/RTX3050/16G/512G/15吋 黑｛FA506NCG-0162B8845HS｝送螢幕護貼,33999,RTX3050,16,512G,15.0,新品,FA506NCG-0162B8845HS,15 吋 華碩 TUF Gaming 電競系列,"華碩 TUF R7-8845HS/RTX3050/16G/512G/15吋 黑｛FA506NCG-0162B8845HS｝送螢幕護貼, $33999 ◆ ★",2026-10-10 05:47
ASUS,華碩 TUF Core 5 210H/RTX4050/16G/512G/16吋 月影灰｛FX607VU-0103A210H｝,39999,RTX4050,16,512G,16.0,新品,FX607VU-0103A210H,16 吋 華碩 TUF Gaming / ROG / Zephyrus 電競系列,"華碩 TUF Core 5 210H/RTX4050/16G/512G/16吋 月影灰｛FX607VU-0103A210H｝, $39999 ◆ ★ 熱賣",2026-10-10 05:47
ASUS,華碩 TUF Core 5 210H/RTX4050/16G/512G/16吋 灰｛FX607VU-0103A210H｝搭VP4700包包,40999,RTX4050,16,512G,16.0,新品,FX607VU-0103A210H,16 吋 華碩 TUF Gaming / ROG / Zephyrus 電競系列,"華碩 TUF Core 5 210H/RTX4050/16G/512G/16吋 灰｛FX607VU-0103A210H｝搭VP4700包包, $40999 ◆ ★ 熱賣",2026-10-10 05:47
ASUS,華碩 TUF i5-14450HX/RTX5050/16G/512G/16吋 極曜黑｛FX610JH-0031D14450HX｝,41999,RTX5050,16,512G,16.0,新品,FX610JH-0031D14450HX,16 吋 華碩 TUF Gaming / ROG / Zephyrus 電競系列,"華碩 TUF i5-14450HX/RTX5050/16G/512G/16吋 極曜黑｛FX610JH-0031D14450HX｝, $41999 ◆ ★",2026-10-10 05:47
ASUS,華碩 TUF i5-14450HX/RTX5050/16G/512G/16吋 御鐵灰｛FX608JHR-0031A14450HX｝,44999,RTX5050,16,512G,16.0,新品,FX608JHR-0031A14450HX,16 吋 華碩 TUF Gaming / ROG / Zephyrus 電競系列,"華碩 TUF i5-14450HX/RTX5050/16G/512G/16吋 御鐵灰｛FX608JHR-0031A14450HX｝, $44999 ◆ ★",2026-10-10 05:47
ASUS,華碩 TUF Ryzen AI 7-260/RTX5050/16G/512G/16吋 灰｛FA608UHI-0061A260H｝,43999,RTX5050,16,512G,16.0,新品,FA608UHI-0061A260H,16 吋 華碩 TUF Gaming / ROG / Zephyrus 電競系列,"華碩 TUF Ryzen AI 7-260/RTX5050/16G/512G/16吋 灰｛FA608UHI-0061A260H｝, $43999 ◆ ★ 熱賣",2026-10-10 05:47
ASUS,華碩 TUF Ryzen AI 7-260/RTX5060/16G/512G/16吋 御鐵灰｛FA608UMI-0091A260H｝,47999,RTX5060,16,512G,16.0,新品,FA608UMI-0091A260H,16 吋 華碩 TUF Gaming / ROG / Zephyrus 電競系列,"華碩 TUF Ryzen AI 7-260/RTX5060/16G/512G/16吋 御鐵灰｛FA608UMI-0091A260H｝, $47999 ◆ ★",2026-10-10 05:47
ASUS,華碩 TUF Ryzen AI 7-260/RTX5060/16G/512G/16吋 月光銀｛FA608UMI-0121C260H｝,46999,RTX5060,16,512G,16.0,新品,FA608UMI-0121C260H,16 吋 華碩 TUF Gaming / ROG / Zephyrus 電競系列,"華碩 TUF Ryzen AI 7-260/RTX5060/16G/512G/16吋 月光銀｛FA608UMI-0121C260H｝, $46999 ◆ ★",2026-10-10 05:47
ASUS,華碩 TUF R9-8940HX/RTX5060/16G/512G/16吋 御鐵灰｛FA608PMR-0041A8940HX｝2K,52999,RTX5060,16,512G,16.0,新品,FA608PMR-0041A8940HX,16 吋 華碩 TUF Gaming / ROG / Zephyrus 電競系列,"華碩 TUF R9-8940HX/RTX5060/16G/512G/16吋 御鐵灰｛FA608PMR-0041A8940HX｝2K, $52999 ◆ ★ 熱賣",2026-10-10 05:47
ASUS,華碩 TUF R9-8940HX/RTX5070/16G/512G/16吋 灰｛FA608PP-0071A8940HX｝好康內洽,59999,RTX5070,16,512G,16.0,新品,FA608PP-0071A8940HX,16 吋 華碩 TUF Gaming / ROG / Zephyrus 電競系列,"華碩 TUF R9-8940HX/RTX5070/16G/512G/16吋 灰｛FA608PP-0071A8940HX｝好康內洽, $59999 ◆ ★ 熱賣",2026-10-10 05:47
ASUS,【直升32G】華碩 TUF R9-8940HX/RTX5070/32G/512G/16吋 御鐵灰｛FA608PP-0071A8940HX｝,67998,RTX5070,32,512G,16.0,新品,FA608PP-0071A8940HX,16 吋 華碩 TUF Gaming / ROG / Zephyrus 電競系列,"【直升32G】華碩 TUF R9-8940HX/RTX5070/32G/512G/16吋 御鐵灰｛FA608PP-0071A8940HX｝, $67998 ◆ ★ 熱賣",2026-10-10 05:47
ASUS,華碩 ROG R9-8940HX/RTX5060/16G/1T/16吋 幻潮黑｛G614PM-0044C8940HX-NBL｝,67999,RTX5060,16,1T,16.0,新品,G614PM-0044C8940HX-NBL,16 吋 華碩 TUF Gaming / ROG / Zephyrus 電競系列,"華碩 ROG R9-8940HX/RTX5060/16G/1T/16吋 幻潮黑｛G614PM-0044C8940HX-NBL｝, $67999 ◆ ★",2026-10-10 05:47
ASUS,華碩 ROG R9-8940HX/RTX5070Ti/16G/1T/16吋 幻潮黑｛G614PR-0074C8940HX-NBL｝,79999,RTX5070Ti,16,1T,16.0,新品,G614PR-0074C8940HX-NBL,16 吋 華碩 TUF Gaming / ROG / Zephyrus 電競系列,"華碩 ROG R9-8940HX/RTX5070Ti/16G/1T/16吋 幻潮黑｛G614PR-0074C8940HX-NBL｝, $79999 ◆ ★",2026-10-10 05:47
ASUS,華碩 ROG R9-8940HX/RTX5080/16G/1T/16吋 幻潮黑｛G614PW-0034C8940HX-NBL｝,95999,RTX5080,16,1T,16.0,新品,G614PW-0034C8940HX-NBL,16 吋 華碩 TUF Gaming / ROG / Zephyrus 電競系列,"華碩 ROG R9-8940HX/RTX5080/16G/1T/16吋 幻潮黑｛G614PW-0034C8940HX-NBL｝, $95999 ◆ ★",2026-10-10 05:47
ASUS,華碩 ROG Ultra 9-386H/RTX5060/32G/1T/16吋 日蝕灰｛GU606AM-0032I386H-NBLO｝,95999,RTX5060,32,1T,16.0,新品,GU606AM-0032I386H-NBLO,16 吋 華碩 TUF Gaming / ROG / Zephyrus 電競系列,"華碩 ROG Ultra 9-386H/RTX5060/32G/1T/16吋 日蝕灰｛GU606AM-0032I386H-NBLO｝, $95999 ◆ ★",2026-10-10 05:47
ASUS,華碩 ROG Ultra 9-386H/RTX5060/32G/1T/16吋 鉑月銀｛GU606AM-0022H386H-NBLO｝,95999,RTX5060,32,1T,16.0,新品,GU606AM-0022H386H-NBLO,16 吋 華碩 TUF Gaming / ROG / Zephyrus 電競系列,"華碩 ROG Ultra 9-386H/RTX5060/32G/1T/16吋 鉑月銀｛GU606AM-0022H386H-NBLO｝, $95999 ◆ ★",2026-10-10 05:47
ASUS,華碩 ROG Ultra 9-386H/RTX5070Ti/64G/1T/16吋 日蝕灰｛GU606AR-0058I386H-NBLO｝,139999,RTX5070Ti,64,1T,16.0,新品,GU606AR-0058I386H-NBLO,16 吋 華碩 TUF Gaming / ROG / Zephyrus 電競系列,"華碩 ROG Ultra 9-386H/RTX5070Ti/64G/1T/16吋 日蝕灰｛GU606AR-0058I386H-NBLO｝, $139999 ◆ ★",2026-10-10 05:47
ASUS,華碩 ROG Ultra 9-386H/RTX5090/64G/1T/16吋 鉑月銀｛GU606AX-0048H386H-NBLO｝,189999,RTX5090,64,1T,16.0,新品,GU606AX-0048H386H-NBLO,16 吋 華碩 TUF Gaming / ROG / Zephyrus 電競系列,"華碩 ROG Ultra 9-386H/RTX5090/64G/1T/16吋 鉑月銀｛GU606AX-0048H386H-NBLO｝, $189999 ◆ ★",2026-10-10 05:47
ASUS,華碩 ROG Ultra 9-386H/RTX5090/64G/2T/16吋 星曜灰｛GX651AX-0022B386H-NBLO｝,239999,RTX5090,64,2T,16.0,新品,GX651AX-0022B386H-NBLO,16 吋 華碩 TUF Gaming / ROG / Zephyrus 電競系列,"華碩 ROG Ultra 9-386H/RTX5090/64G/2T/16吋 星曜灰｛GX651AX-0022B386H-NBLO｝, $239999 ◆ ★",2026-10-10 05:47
ASUS,華碩 TUF Core 5 210H/RTX3050/16G/512G/17吋 月影灰｛FX707VJB-0032A210H｝,37999,RTX3050,16,512G,17.0,新品,FX707VJB-0032A210H,17 吋 華碩 TUF Gaming / ROG 電競系列,"華碩 TUF Core 5 210H/RTX3050/16G/512G/17吋 月影灰｛FX707VJB-0032A210H｝, $37999 ◆ ★",2026-10-10 05:47
ASUS,華碩 TUF R7-170/RTX4050/16G/512G/17吋 灰｛FA707NUQ-0042A170H｝,38999,RTX4050,16,512G,17.0,新品,FA707NUQ-0042A170H,17 吋 華碩 TUF Gaming / ROG 電競系列,"華碩 TUF R7-170/RTX4050/16G/512G/17吋 灰｛FA707NUQ-0042A170H｝, $38999 ◆ ★",2026-10-10 05:47
ASUS,華碩 TUF Ryzen AI 7-260/RTX5050/16G/512G/18吋 灰｛FA808UH-0021A260H｝,49999,RTX5050,16,512G,18.0,新品,FA808UH-0021A260H,18 吋 華碩 TUF Gaming / ROG 電競系列,"華碩 TUF Ryzen AI 7-260/RTX5050/16G/512G/18吋 灰｛FA808UH-0021A260H｝, $49999 ◆ ★ 熱賣",2026-10-10 05:47
ASUS,華碩 TUF Ryzen AI 7-260/RTX5060/16G/1T/18吋 御鐵灰｛FA808UM-0031A260H｝,57999,RTX5060,16,1T,18.0,新品,FA808UM-0031A260H,18 吋 華碩 TUF Gaming / ROG 電競系列,"華碩 TUF Ryzen AI 7-260/RTX5060/16G/1T/18吋 御鐵灰｛FA808UM-0031A260H｝, $57999 ◆ ★ 熱賣",2026-10-10 05:47
ASUS,華碩 ROG R9-8940HX/RTX5070/16G/1T/18吋 幻潮黑｛G814PP-0064C8940HX-NBL｝,75999,RTX5070,16,1T,18.0,新品,G814PP-0064C8940HX-NBL,18 吋 華碩 TUF Gaming / ROG 電競系列,"華碩 ROG R9-8940HX/RTX5070/16G/1T/18吋 幻潮黑｛G814PP-0064C8940HX-NBL｝, $75999 ◆ ★",2026-10-10 05:47
ASUS,華碩 ROG Ultra 9-290HX/RTX5070/16G/1T/18吋 幻潮黑｛G815LP-0071C290HX-NBL｝,81999,RTX5070,16,1T,18.0,新品,G815LP-0071C290HX-NBL,18 吋 華碩 TUF Gaming / ROG 電競系列,"華碩 ROG Ultra 9-290HX/RTX5070/16G/1T/18吋 幻潮黑｛G815LP-0071C290HX-NBL｝, $81999 ◆ ★",2026-10-10 05:47
ASUS,華碩 ROG Ultra 9-290HX/RTX5080/16G/1T/18吋 電光綠｛G815LW-0071G290HX-NBLM｝,119999,RTX5080,16,1T,18.0,新品,G815LW-0071G290HX-NBLM,18 吋 華碩 TUF Gaming / ROG 電競系列,"華碩 ROG Ultra 9-290HX/RTX5080/16G/1T/18吋 電光綠｛G815LW-0071G290HX-NBLM｝, $119999 ◆ ★",2026-10-10 05:47
ASUS,華碩 ROG Ultra 9-290HX/RTX5090/64G/1T/18吋 闇夜黑｛G835LXG-0171A290HX-NBLM｝,179999,RTX5090,64,1T,18.0,新品,G835LXG-0171A290HX-NBLM,18 吋 華碩 TUF Gaming / ROG 電競系列,"華碩 ROG Ultra 9-290HX/RTX5090/64G/1T/18吋 闇夜黑｛G835LXG-0171A290HX-NBLM｝, $179999 ◆ ★",2026-10-10 05:47
ASUS,華碩 ROG Ultra 9-290HX/RTX5090/128G/4T/18吋 闇夜黑｛G835LXG-0081A290HX-NBLM｝,245999,RTX5090,128,4T,18.0,新品,G835LXG-0081A290HX-NBLM,18 吋 華碩 TUF Gaming / ROG 電競系列,"華碩 ROG Ultra 9-290HX/RTX5090/128G/4T/18吋 闇夜黑｛G835LXG-0081A290HX-NBLM｝, $245999 ◆ ★",2026-10-10 05:47
Dell,DELL Base Ryzen AI 7 350/16G/512G/14吋 鉑金銀｛DC14255-R1808STW｝▼下殺到 10/15 23:59,39999,內建顯示,16,512G,14.0,新品,DC14255-R1808STW,14吋 戴爾 DELL Base 系列,"DELL Base Ryzen AI 7 350/16G/512G/14吋 鉑金銀｛DC14255-R1808STW｝▼下殺到 10/15 23:59, $45990↘$39999 ◆ ★",2026-10-10 05:47
Dell,DELL Base Ryzen AI 7 445/32G/1T/14吋 晨霜藍｛DS14265-R1708BTW｝,68990,內建顯示,32,1T,14.0,新品,DS14265-R1708BTW,14吋 戴爾 DELL Base 系列,"DELL Base Ryzen AI 7 445/32G/1T/14吋 晨霜藍｛DS14265-R1708BTW｝, $68990 ◆ ★",2026-10-10 05:47
Dell,DELL Base Core 5-120U/8G/512G/14吋 銀河星跡｛DC14250-R1508STW｝,23990,內建顯示,8,512G,14.0,新品,DC14250-R1508STW,14吋 戴爾 DELL Base 系列,"DELL Base Core 5-120U/8G/512G/14吋 銀河星跡｛DC14250-R1508STW｝, $23990 ◆ ★",2026-10-10 05:47
Dell,DELL Base Ultra 5-322/16G/1T/14吋 晨霜藍｛DS14260-R1508BTW｝,53900,內建顯示,16,1T,14.0,新品,DS14260-R1508BTW,14吋 戴爾 DELL Base 系列,"DELL Base Ultra 5-322/16G/1T/14吋 晨霜藍｛DS14260-R1508BTW｝, $53900 ◆ ★",2026-10-10 05:47
Dell,DELL Base Ultra 5-225U/16G/512G/14吋 銀河星跡｛D14260-R1508STW｝,33990,內建顯示,16,512G,14.0,新品,D14260-R1508STW,14吋 戴爾 DELL Base 系列,"DELL Base Ultra 5-225U/16G/512G/14吋 銀河星跡｛D14260-R1508STW｝, $33990 ★",2026-10-10 05:47
Dell,DELL Base Ultra 7-255U/32G/1T/14吋 銀河星跡｛D14260-R2708STW｝,60990,內建顯示,32,1T,14.0,新品,D14260-R2708STW,14吋 戴爾 DELL Base 系列,"DELL Base Ultra 7-255U/32G/1T/14吋 銀河星跡｛D14260-R2708STW｝, $60990 ★",2026-10-10 05:47
Dell,DELL Base Core 7-350/16G/512G/14吋 鉑金銀｛D14261-R1708STW｝,42890,內建顯示,16,512G,14.0,新品,D14261-R1708STW,14吋 戴爾 DELL Base 系列,"DELL Base Core 7-350/16G/512G/14吋 鉑金銀｛D14261-R1708STW｝, $42890 ★",2026-10-10 05:47
Dell,DELL Base R5-220/16G/512G/15.3吋 柏金銀｛D15266-R1508STW｝,42990,內建顯示,16,512G,15.3,新品,D15266-R1508STW,15吋 戴爾 DELL Base 系列,"DELL Base R5-220/16G/512G/15.3吋 柏金銀｛D15266-R1508STW｝, $42990 ★",2026-10-10 05:47
Dell,DELL Base R7-250/16G/512G/15.3吋 柏金銀｛D15266-R1708STW｝,45900,內建顯示,16,512G,15.3,新品,D15266-R1708STW,15吋 戴爾 DELL Base 系列,"DELL Base R7-250/16G/512G/15.3吋 柏金銀｛D15266-R1708STW｝, $45900 ★",2026-10-10 05:47
Dell,DELL Base Ultra 7-255H/16G/1T/15.6吋 銀河星跡｛D15260-R2808STW｝▼下殺到 10/15 23:59,50999,內建顯示,16,1T,15.6,新品,D15260-R2808STW,15吋 戴爾 DELL Base 系列,"DELL Base Ultra 7-255H/16G/1T/15.6吋 銀河星跡｛D15260-R2808STW｝▼下殺到 10/15 23:59, $52990↘$50999 ★",2026-10-10 05:47
Dell,DELL Base Core 5-320/16G/512G/15.3吋 柏金銀｛D15261-R1508STW｝,39890,內建顯示,16,512G,15.3,新品,D15261-R1508STW,15吋 戴爾 DELL Base 系列,"DELL Base Core 5-320/16G/512G/15.3吋 柏金銀｛D15261-R1508STW｝, $39890 ★",2026-10-10 05:47
Dell,DELL Base Ultra 5-322/16G/1T/16吋 暮靄藍｛DS16260-R1508BTW｝〈觸控〉▼下殺到 10/15 23:59,63999,內建顯示,16,1T,16.0,新品,DS16260-R1508BTW,16吋 戴爾 DELL Base 系列,"DELL Base Ultra 5-322/16G/1T/16吋 暮靄藍｛DS16260-R1508BTW｝〈觸控〉▼下殺到 10/15 23:59, $65990↘$63999 ◆ ★",2026-10-10 05:47
Dell,DELL Pro R5-PRO 230/8G/512G/14吋 灰｛PC14255-2308G512G｝▼下殺到 10/15 23:59,29999,內建顯示,8,512G,14.0,新品,PC14255-2308G512G,14吋 戴爾 DELL Pro 系列,"DELL Pro R5-PRO 230/8G/512G/14吋 灰｛PC14255-2308G512G｝▼下殺到 10/15 23:59, $34990↘$29999 ◆ ★",2026-10-10 05:47
Dell,DELL Pro Ryzen AI 5 PRO 340/16G/512G/14吋 銀｛PC14255-AI516G512G｝,40990,內建顯示,16,512G,14.0,新品,PC14255-AI516G512G,14吋 戴爾 DELL Pro 系列,"DELL Pro Ryzen AI 5 PRO 340/16G/512G/14吋 銀｛PC14255-AI516G512G｝, $40990 ◆ ★",2026-10-10 05:47
Dell,DELL Pro Core 5-220U/16G/512G/14吋 灰｛PC14250-C5216G512G｝,37990,內建顯示,16,512G,14.0,新品,PC14250-C5216G512G,14吋 戴爾 DELL Pro 系列,"DELL Pro Core 5-220U/16G/512G/14吋 灰｛PC14250-C5216G512G｝, $37990 ◆ ★",2026-10-10 05:47
Dell,DELL Pro Ultra 7-265U/16G/512G/14吋 銀｛PC14250-U7616G512G｝,47990,內建顯示,16,512G,14.0,新品,PC14250-U7616G512G,14吋 戴爾 DELL Pro 系列,"DELL Pro Ultra 7-265U/16G/512G/14吋 銀｛PC14250-U7616G512G｝, $47990 ◆ ★",2026-10-10 05:47
Dell,DELL Pro Ultra 5-235U/16G/512G/16吋 銀｛PC16250-U5216G512G｝,47990,內建顯示,16,512G,16.0,新品,PC16250-U5216G512G,16吋 戴爾 DELL Pro 系列,"DELL Pro Ultra 5-235U/16G/512G/16吋 銀｛PC16250-U5216G512G｝, $47990 ◆ ★",2026-10-10 05:47
Dell,DELL Pro Essential Ultra 5-225U/16G/512G/14吋 黑｛PV14260-R1508BTW｝▼下殺到 10/15 23:59,37999,內建顯示,16,512G,14.0,新品,PV14260-R1508BTW,14吋 戴爾 DELL Pro Essential 系列,"DELL Pro Essential Ultra 5-225U/16G/512G/14吋 黑｛PV14260-R1508BTW｝▼下殺到 10/15 23:59, $39999↘$37999 ★",2026-10-10 05:47
Dell,DELL Pro Essential Ultra 7-255U/16G/1T/14吋 黑｛PV14260-R1708BTW｝▼下殺到 10/15 23:59,39999,內建顯示,16,1T,14.0,新品,PV14260-R1708BTW,14吋 戴爾 DELL Pro Essential 系列,"DELL Pro Essential Ultra 7-255U/16G/1T/14吋 黑｛PV14260-R1708BTW｝▼下殺到 10/15 23:59, $48990↘$39999 ★",2026-10-10 05:47
Dell,DELL Pro Essential Ultra 5-225H/16G/512G/15.6吋 黑｛PV15260-R1508BTW｝,37990,內建顯示,16,512G,15.6,新品,PV15260-R1508BTW,15吋 戴爾 DELL Pro Essential 系列,"DELL Pro Essential Ultra 5-225H/16G/512G/15.6吋 黑｛PV15260-R1508BTW｝, $37990 ◆ ★",2026-10-10 05:47
Dell,DELL Alienware Core 7-240H/RTX5060/16G/1T/16吋 靛藍｛AC16250-R1768QBTW｝,62990,RTX5060,16,1T,16.0,新品,AC16250-R1768QBTW,16吋 戴爾 DELL Alienware 系列,"DELL Alienware Core 7-240H/RTX5060/16G/1T/16吋 靛藍｛AC16250-R1768QBTW｝, $62990 ★",2026-10-10 05:47
Dell,DELL Alienware X Ultra 7-270HX+/RTX5060/16G/1T/16吋 靛藍｛AC16251-R1788BTW｝,94990,RTX5060,16,1T,16.0,新品,AC16251-R1788BTW,16吋 戴爾 DELL Alienware 系列,"DELL Alienware X Ultra 7-270HX+/RTX5060/16G/1T/16吋 靛藍｛AC16251-R1788BTW｝, $94990 ★",2026-10-10 05:47
Dell,DELL Alienware X Ultra 9-290HX+/RTX5070/32G/1T/16吋 靛藍｛AC16251-R1968BTW｝,141990,RTX5070,32,1T,16.0,新品,AC16251-R1968BTW,16吋 戴爾 DELL Alienware 系列,"DELL Alienware X Ultra 9-290HX+/RTX5070/32G/1T/16吋 靛藍｛AC16251-R1968BTW｝, $141990 ★",2026-10-10 05:47
Genuine 捷元,Genuine捷元 輕巧｛15N｝N100/8G/500G/Win11 Pro 黑 J0076615,11999,內建顯示,8,500G,15.6,新品,15N,15.6吋 Genuine捷元 系列,"Genuine捷元 輕巧｛15N｝N100/8G/500G/Win11 Pro 黑 J0076615, $11999 ◆ ★",2026-10-10 05:47
Genuine 捷元,Genuine捷元 輕巧可拆卸電池｛15V｝i7-1355U/8G/500G/3年保 黑 J0076616▼下殺到 10/10 23:59,21900,內建顯示,8,500G,15.6,新品,15V,15.6吋 Genuine捷元 系列,"Genuine捷元 輕巧可拆卸電池｛15V｝i7-1355U/8G/500G/3年保 黑 J0076616▼下殺到 10/10 23:59, $23999↘$21900 ◆ ★",2026-10-10 05:47
Genuine 捷元,Genuine捷元｛ZEUS 15H｝i5-13420H/RTX4050/8G/512G/WIN11 PRO/3年保 黑 J0074857,32499,RTX4050,8,512G,15.6,新品,ZEUS 15H,15.6吋 Genuine捷元 系列,"Genuine捷元｛ZEUS 15H｝i5-13420H/RTX4050/8G/512G/WIN11 PRO/3年保 黑 J0074857, $32499 ◆ ★",2026-10-10 05:47
Genuine 捷元,Genuine捷元｛ZEUS 15G｝Core 7-250H/RTX5070/16G/500G 黑 J0076614,48900,RTX5070,16,500G,15.6,新品,ZEUS 15G,15.6吋 Genuine捷元 系列,"Genuine捷元｛ZEUS 15G｝Core 7-250H/RTX5070/16G/500G 黑 J0076614, $48900 ◆ ★",2026-10-10 05:47
Genuine 捷元,Genuine捷元｛16AI Pro｝Ultra 5-226V/16G/512G/16吋 灰 J0071818【Non OS】,29999,內建顯示,16,512G,16.0,新品,16AI Pro,16吋 Genuine捷元 系列,"Genuine捷元｛16AI Pro｝Ultra 5-226V/16G/512G/16吋 灰 J0071818【Non OS】, $29999 ★",2026-10-10 05:47
Genuine 捷元,Genuine捷元｛ZEUS 18G｝Ultra 9-275HX/RTX 5090/32G/P510 2TB/WIN11 PRO 黑 J0074405,155900,RTX5090,32,,18.0,新品,ZEUS 18G,18吋 Genuine捷元 系列,"Genuine捷元｛ZEUS 18G｝Ultra 9-275HX/RTX 5090/32G/P510 2TB/WIN11 PRO 黑 J0074405, $155900 ◆ ★",2026-10-10 05:47
GIGABYTE,技嘉 AERO X16 Ryzen AI 7 350/RTX5060/16G/1T/16吋 太空灰｛1VH93TWC94AH｝,56900,RTX5060,16,1T,16.0,新品,1VH93TWC94AH,16吋 技嘉 GIGABYTE AERO X16 AI筆電,"技嘉 AERO X16 Ryzen AI 7 350/RTX5060/16G/1T/16吋 太空灰｛1VH93TWC94AH｝, $56900 ★",2026-10-10 05:47
GIGABYTE,技嘉 AERO X16 Ryzen AI 7 350/RTX5060/16G/1T/16吋 幻月白｛1VH93TWC94DH｝,56900,RTX5060,16,1T,16.0,新品,1VH93TWC94DH,16吋 技嘉 GIGABYTE AERO X16 AI筆電,"技嘉 AERO X16 Ryzen AI 7 350/RTX5060/16G/1T/16吋 幻月白｛1VH93TWC94DH｝, $56900 ★",2026-10-10 05:47
GIGABYTE,技嘉 AERO X16 Ryzen AI 7 350/RTX5070/16G/1T/16吋 太空灰｛1WH93TWC94AH｝,65900,RTX5070,16,1T,16.0,新品,1WH93TWC94AH,16吋 技嘉 GIGABYTE AERO X16 AI筆電,"技嘉 AERO X16 Ryzen AI 7 350/RTX5070/16G/1T/16吋 太空灰｛1WH93TWC94AH｝, $65900 ◆ ★",2026-10-10 05:47
GIGABYTE,技嘉 AERO X16 Ryzen AI 7 350/RTX5070/16G/1T/16吋 幻月白｛1WH93TWC94DH｝,65900,RTX5070,16,1T,16.0,新品,1WH93TWC94DH,16吋 技嘉 GIGABYTE AERO X16 AI筆電,"技嘉 AERO X16 Ryzen AI 7 350/RTX5070/16G/1T/16吋 幻月白｛1WH93TWC94DH｝, $65900 ◆ ★",2026-10-10 05:47
GIGABYTE,技嘉 AERO X16 Ryzen AI 9 HX 370/RTX5070/32G/1T/16吋 幻月白｛2WHA3TWC64DH｝,69900,RTX5070,32,1T,16.0,新品,2WHA3TWC64DH,16吋 技嘉 GIGABYTE AERO X16 AI筆電,"技嘉 AERO X16 Ryzen AI 9 HX 370/RTX5070/32G/1T/16吋 幻月白｛2WHA3TWC64DH｝, $69900 ★ 熱賣",2026-10-10 05:47
GIGABYTE,技嘉 EAGLE R5-7533HS/RTX4050/16G/512G/16吋 灰｛9MJR2TWF93SH｝,37900,RTX4050,16,512G,16.0,新品,9MJR2TWF93SH,16吋 技嘉 GIGABYTE EAGLE,"技嘉 EAGLE R5-7533HS/RTX4050/16G/512G/16吋 灰｛9MJR2TWF93SH｝, $37900 ★",2026-10-10 05:47
GIGABYTE,技嘉 GAMING A16 i5-13420H/RTX5050/16G/512G/16吋 黑｛CTHH3TW893SH｝,39900,RTX5050,16,512G,16.0,新品,CTHH3TW893SH,16吋 技嘉 GIGABYTE GAMING A16,"技嘉 GAMING A16 i5-13420H/RTX5050/16G/512G/16吋 黑｛CTHH3TW893SH｝, $39900 ★ 熱賣",2026-10-10 05:47
GIGABYTE,技嘉 GAMING A16 i5-13420H/RTX5060/16G/512G/16吋 黑｛CVHH3TW893SH｝,42900,RTX5060,16,512G,16.0,新品,CVHH3TW893SH,16吋 技嘉 GIGABYTE GAMING A16,"技嘉 GAMING A16 i5-13420H/RTX5060/16G/512G/16吋 黑｛CVHH3TW893SH｝, $42900 ◆ ★",2026-10-10 05:47
GIGABYTE,技嘉 GAMING A16 i7-13620H/RTX5070/16G/512G/16吋 黑｛CWHI3TW893SH｝,51900,RTX5070,16,512G,16.0,新品,CWHI3TW893SH,16吋 技嘉 GIGABYTE GAMING A16,"技嘉 GAMING A16 i7-13620H/RTX5070/16G/512G/16吋 黑｛CWHI3TW893SH｝, $51900 ◆ ★",2026-10-10 05:47
GIGABYTE,技嘉 GAMING A16 Ryzen 7 260/RTX5060/16G/512G/16吋 黑｛3VHK3TW893SH｝,48900,RTX5060,16,512G,16.0,新品,3VHK3TW893SH,16吋 技嘉 GIGABYTE GAMING A16,"技嘉 GAMING A16 Ryzen 7 260/RTX5060/16G/512G/16吋 黑｛3VHK3TW893SH｝, $48900 ◆ ★",2026-10-10 05:47
GIGABYTE,【稀有1T版】技嘉 GAMING A16 Ryzen 7 170/RTX5060/16G/1T/16吋 黑｛5VHP3TW894SH｝,45900,RTX5060,16,1T,16.0,新品,5VHP3TW894SH,16吋 技嘉 GIGABYTE GAMING A16,"【稀有1T版】技嘉 GAMING A16 Ryzen 7 170/RTX5060/16G/1T/16吋 黑｛5VHP3TW894SH｝, $45900 ★",2026-10-10 05:47
GIGABYTE,技嘉 AORUS MASTER 16 R9-8940HX/RTX5070Ti/16G/1T/16吋OLED 黑｛8XJJ4TWE94SH｝,78900,RTX5070Ti,16,1T,16.0,新品,8XJJ4TWE94SH,16 吋 技嘉 AORUS MASTER 16,"技嘉 AORUS MASTER 16 R9-8940HX/RTX5070Ti/16G/1T/16吋OLED 黑｛8XJJ4TWE94SH｝, $78900 ◆ ★",2026-10-10 05:47
GIGABYTE,技嘉 AORUS MASTER 16 R9-9955HX3D/RTX5080/32G/1T/16吋OLED 黑｛6YJM5TWE64SH｝,119900,RTX5080,32,1T,16.0,新品,6YJM5TWE64SH,16 吋 技嘉 AORUS MASTER 16,"技嘉 AORUS MASTER 16 R9-9955HX3D/RTX5080/32G/1T/16吋OLED 黑｛6YJM5TWE64SH｝, $119900 ◆ ★",2026-10-10 05:47
GIGABYTE,技嘉 AORUS MASTER 16 R9-9955HX3D/RTX5090/32G/1T/16吋OLED 黑｛6ZJM6TWE64SH｝,152900,RTX5090,32,1T,16.0,新品,6ZJM6TWE64SH,16 吋 技嘉 AORUS MASTER 16,"技嘉 AORUS MASTER 16 R9-9955HX3D/RTX5090/32G/1T/16吋OLED 黑｛6ZJM6TWE64SH｝, $152900 ◆ ★",2026-10-10 05:47
MSI,微星 Prestige 13 Ultra 7-165H/32G/1T/13吋/WIN11 PRO 灰｛A1MG-271TW｝極致輕990g,49900,內建顯示,32,1T,13.0,新品,A1MG-271TW,13吋 微星 - 輕薄商務系列 Prestige,"微星 Prestige 13 Ultra 7-165H/32G/1T/13吋/WIN11 PRO 灰｛A1MG-271TW｝極致輕990g, $49900 ◆ ★",2026-10-10 05:47
MSI,微星 Prestige 13 Ultra 7-355/32G/1T/13吋/WIN11 PRO 灰｛A3MG-049TW｝極致輕890g▼下殺到 11/1 23:59,59999,內建顯示,32,1T,13.0,新品,A3MG-049TW,13吋 微星 - 輕薄商務系列 Prestige,"微星 Prestige 13 Ultra 7-355/32G/1T/13吋/WIN11 PRO 灰｛A3MG-049TW｝極致輕890g▼下殺到 11/1 23:59, $63900↘$59999 ◆ ★",2026-10-10 05:47
MSI,微星 Venture A14 AI+ Ryzen AI 5 340/16G/512G/14吋 穩固灰｛A3HMG-016TW｝,27900,內建顯示,16,512G,14.0,新品,A3HMG-016TW,14吋 微星 - 商務系列 Modern S / Prestige / Commercial / Venture,"微星 Venture A14 AI+ Ryzen AI 5 340/16G/512G/14吋 穩固灰｛A3HMG-016TW｝, $27900 ◆ ★",2026-10-10 05:47
MSI,微星 Commercial 14 i7-13700H/16G/512G/14吋/WIN11 Pro 灰｛A13MG vPro-419TW｝,28900,內建顯示,16,512G,14.0,新品,A13MG vPro-419TW,14吋 微星 - 商務系列 Modern S / Prestige / Commercial / Venture,"微星 Commercial 14 i7-13700H/16G/512G/14吋/WIN11 Pro 灰｛A13MG vPro-419TW｝, $28900 ◆ ★",2026-10-10 05:47
MSI,微星 Commercial 14 C5-120U/16G/512G/14吋/WIN11 Pro 灰｛B1MXG-1005TW ｝,33900,內建顯示,16,512G,14.0,新品,B1MXG-1005TW,14吋 微星 - 商務系列 Modern S / Prestige / Commercial / Venture,"微星 Commercial 14 C5-120U/16G/512G/14吋/WIN11 Pro 灰｛B1MXG-1005TW ｝, $33900 ◆ ★",2026-10-10 05:47
MSI,微星 Commercial 14 C7-150U/16G/512G/14吋/WIN11 Pro 灰｛B1MXG-1004TW｝,36900,內建顯示,16,512G,14.0,新品,B1MXG-1004TW,14吋 微星 - 商務系列 Modern S / Prestige / Commercial / Venture,"微星 Commercial 14 C7-150U/16G/512G/14吋/WIN11 Pro 灰｛B1MXG-1004TW｝, $36900 ◆ ★",2026-10-10 05:47
MSI,微星 Modern 14S AI+ Ultra 5-322/16G/512G/14吋 銀｛G3MG-026TW｝,34900,內建顯示,16,512G,14.0,新品,G3MG-026TW,14吋 微星 - 商務系列 Modern S / Prestige / Commercial / Venture,"微星 Modern 14S AI+ Ultra 5-322/16G/512G/14吋 銀｛G3MG-026TW｝, $34900 ◆ ★",2026-10-10 05:47
MSI,微星 Prestige 14 AI+ Ultra 7-355/32G/1T/14吋/WIN11 Pro 黑｛D3MG-031TW｝,56000,內建顯示,32,1T,14.0,新品,D3MG-031TW,14吋 微星 - 商務系列 Modern S / Prestige / Commercial / Venture,"微星 Prestige 14 AI+ Ultra 7-355/32G/1T/14吋/WIN11 Pro 黑｛D3MG-031TW｝, $56000 ◆ ★",2026-10-10 05:47
MSI,微星 Prestige 14 Flip AI+ Ultra X7-358H/32G/1T/14吋/WIN11 Pro 黑｛D3MTG-033TW｝,64700,內建顯示,32,1T,14.0,新品,D3MTG-033TW,14吋 微星 - 商務系列 Modern S / Prestige / Commercial / Venture,"微星 Prestige 14 Flip AI+ Ultra X7-358H/32G/1T/14吋/WIN11 Pro 黑｛D3MTG-033TW｝, $64700 ◆ ★",2026-10-10 05:47
MSI,微星 Prestige 14 Flip AI+ Ultra X9-378H/32G/1T/14吋/WIN11 Pro 梵谷特仕版｛The Starry Night-422TWY｝,74900,內建顯示,32,1T,14.0,新品,The Starry Night-422TWY,14吋 微星 - 商務系列 Modern S / Prestige / Commercial / Venture,"微星 Prestige 14 Flip AI+ Ultra X9-378H/32G/1T/14吋/WIN11 Pro 梵谷特仕版｛The Starry Night-422TWY｝, $74900 ◆ ★",2026-10-10 05:47
MSI,微星 Modern 15 Core 5-120U/16G/1T/15.6吋/WIN11 Pro 灰｛F1MXG-1042TW｝,31900,內建顯示,16,1T,15.6,新品,F1MXG-1042TW,15吋 微星 - 輕薄商務系列 Modern / Venture Pro,"微星 Modern 15 Core 5-120U/16G/1T/15.6吋/WIN11 Pro 灰｛F1MXG-1042TW｝, $31900 ◆ ★",2026-10-10 05:47
MSI,微星 Modern 15 Core 7-150U/16G/1T/15.6吋/WIN11 Pro 灰｛F1MXG-1041TW｝,33900,內建顯示,16,1T,15.6,新品,F1MXG-1041TW,15吋 微星 - 輕薄商務系列 Modern / Venture Pro,"微星 Modern 15 Core 7-150U/16G/1T/15.6吋/WIN11 Pro 灰｛F1MXG-1041TW｝, $33900 ◆ ★",2026-10-10 05:47
MSI,微星 VenturePro 15 Core 7-240H/16G/512G/RTX5050/15.6吋/WIN11 Pro 灰｛A2RWEG-1246TW｝,52900,RTX5050,16,512G,15.6,新品,A2RWEG-1246TW,15吋 微星 - 輕薄商務系列 Modern / Venture Pro,"微星 VenturePro 15 Core 7-240H/16G/512G/RTX5050/15.6吋/WIN11 Pro 灰｛A2RWEG-1246TW｝, $52900 ◆ ★",2026-10-10 05:47
MSI,微星 Modern 16S AI+ Ultra 7-355/16G/1T/16吋 灰｛G3MG-030TW｝,40900,內建顯示,16,1T,16.0,新品,G3MG-030TW,16吋 微星 - 輕薄商務系列 Prestige / Modern S,"微星 Modern 16S AI+ Ultra 7-355/16G/1T/16吋 灰｛G3MG-030TW｝, $40900 ◆ ★",2026-10-10 05:47
MSI,微星 Prestige 16 AI+ Ultra X7-358H/32G/1T/16吋 金｛C3MG-233TW｝▼下殺到 11/1 23:59,64999,內建顯示,32,1T,16.0,新品,C3MG-233TW,16吋 微星 - 輕薄商務系列 Prestige / Modern S,"微星 Prestige 16 AI+ Ultra X7-358H/32G/1T/16吋 金｛C3MG-233TW｝▼下殺到 11/1 23:59, $69900↘$64999 ◆ ★",2026-10-10 05:47
MSI,微星 Prestige 16 Flip AI+ Ultra X9-388H/32G/1T/16吋 灰｛C3MTG-041TW｝【翻轉觸控】,74900,內建顯示,32,1T,16.0,新品,C3MTG-041TW,16吋 微星 - 輕薄商務系列 Prestige / Modern S,"微星 Prestige 16 Flip AI+ Ultra X9-388H/32G/1T/16吋 灰｛C3MTG-041TW｝【翻轉觸控】, $74900 ◆ ★",2026-10-10 05:47
MSI,微星 Katana 15 i7-14650HX/RTX5060/16G/1T/15.6吋 黑｛B14WGK-1071TW｝▼下殺到 11/1 23:59,52999,RTX5060,16,1T,15.6,新品,B14WGK-1071TW,15吋 微星 - 炫彩戰鬥系列 Katana / Cyborg MAX,"微星 Katana 15 i7-14650HX/RTX5060/16G/1T/15.6吋 黑｛B14WGK-1071TW｝▼下殺到 11/1 23:59, $54900↘$52999 ◆ ★",2026-10-10 05:47
MSI,微星 Katana 15 i7-14650HX/RTX5070/16G/1T/15.6吋 黑｛B14WGK-1070TW｝▼下殺到 11/1 23:59,56999,RTX5070,16,1T,15.6,新品,B14WGK-1070TW,15吋 微星 - 炫彩戰鬥系列 Katana / Cyborg MAX,"微星 Katana 15 i7-14650HX/RTX5070/16G/1T/15.6吋 黑｛B14WGK-1070TW｝▼下殺到 11/1 23:59, $59900↘$56999 ◆ ★",2026-10-10 05:47
MSI,微星 Cyborg 15 i5-13420H/RTX4050/8G/512G/15.6吋 黑｛A13VE-2475TW｝(全黑機身),32900,RTX4050,8,512G,15.6,新品,A13VE-2475TW,15吋 微星 - 炫彩戰鬥系列 Katana / Cyborg MAX,"微星 Cyborg 15 i5-13420H/RTX4050/8G/512G/15.6吋 黑｛A13VE-2475TW｝(全黑機身), $32900 ◆ ★",2026-10-10 05:47
MSI,微星 Cyborg 15 i5-13420H/RTX5050/8G/512G/15.6吋 黑｛C13WEO-264TW｝▼下殺到 11/1 23:59,33999,RTX5050,8,512G,15.6,新品,C13WEO-264TW,15吋 微星 - 炫彩戰鬥系列 Katana / Cyborg MAX,"微星 Cyborg 15 i5-13420H/RTX5050/8G/512G/15.6吋 黑｛C13WEO-264TW｝▼下殺到 11/1 23:59, $34900↘$33999 ◆ ★",2026-10-10 05:47
MSI,微星 Cyborg 15 i5-13420H/RTX5050/8G/512G/15.6吋 黑｛C13WE-200TW｝▼下殺到 11/1 23:59,34999,RTX5050,8,512G,15.6,新品,C13WE-200TW,15吋 微星 - 炫彩戰鬥系列 Katana / Cyborg MAX,"微星 Cyborg 15 i5-13420H/RTX5050/8G/512G/15.6吋 黑｛C13WE-200TW｝▼下殺到 11/1 23:59, $39900↘$34999 ◆ ★",2026-10-10 05:47
MSI,微星 Cyborg 15 i5-13420H/RTX5050/16G/512G/15.6吋 玩具總動員｛C13WE-423TW｝,59900,RTX5050,16,512G,15.6,新品,C13WE-423TW,15吋 微星 - 炫彩戰鬥系列 Katana / Cyborg MAX,"微星 Cyborg 15 i5-13420H/RTX5050/16G/512G/15.6吋 玩具總動員｛C13WE-423TW｝, $59900 ◆ ★",2026-10-10 05:47
MSI,微星 Cyborg 15 i7-13620H/RTX4050/8G/512G/15.6吋 黑｛A13VE-2468TW｝(全黑機身)▼下殺到 11/1 23:59,33999,RTX4050,8,512G,15.6,新品,A13VE-2468TW,15吋 微星 - 炫彩戰鬥系列 Katana / Cyborg MAX,"微星 Cyborg 15 i7-13620H/RTX4050/8G/512G/15.6吋 黑｛A13VE-2468TW｝(全黑機身)▼下殺到 11/1 23:59, $34900↘$33999 ◆ ★",2026-10-10 05:47
MSI,微星 Cyborg 15 Core 5-210H/RTX3050/16G/512G/15.6吋 黑｛A2RUDX-2288TW｝▼下殺到 11/1 23:59,29999,RTX3050,16,512G,15.6,新品,A2RUDX-2288TW,15吋 微星 - 炫彩戰鬥系列 Katana / Cyborg MAX,"微星 Cyborg 15 Core 5-210H/RTX3050/16G/512G/15.6吋 黑｛A2RUDX-2288TW｝▼下殺到 11/1 23:59, $35900↘$29999 ◆ ★",2026-10-10 05:47
MSI,微星 Cyborg 15 Core 5-210H/RTX5060/16G/512G/15.6吋 黑｛B2RWFKG-891TW｝▼下殺到 11/1 23:59,37999,RTX5060,16,512G,15.6,新品,B2RWFKG-891TW,15吋 微星 - 炫彩戰鬥系列 Katana / Cyborg MAX,"微星 Cyborg 15 Core 5-210H/RTX5060/16G/512G/15.6吋 黑｛B2RWFKG-891TW｝▼下殺到 11/1 23:59, $46900↘$37999 ◆ ★",2026-10-10 05:47
MSI,微星 Cyborg 15 Core 7-240H/RTX3050/16G/512G/15.6吋 黑｛A2RUDX-2095TW｝,33900,RTX3050,16,512G,15.6,新品,A2RUDX-2095TW,15吋 微星 - 炫彩戰鬥系列 Katana / Cyborg MAX,"微星 Cyborg 15 Core 7-240H/RTX3050/16G/512G/15.6吋 黑｛A2RUDX-2095TW｝, $33900 ◆ ★ 熱賣",2026-10-10 05:47
MSI,微星 Cyborg 15 Core 7-240H/RTX5060/16G/512G/15.6吋 黑｛B2RWFKG-1242TW｝,39999,RTX5060,16,512G,15.6,新品,B2RWFKG-1242TW,15吋 微星 - 炫彩戰鬥系列 Katana / Cyborg MAX,"微星 Cyborg 15 Core 7-240H/RTX5060/16G/512G/15.6吋 黑｛B2RWFKG-1242TW｝, $39999 ◆ ★",2026-10-10 05:47
MSI,微星 Cyborg 15 MAX i7-13620H/RTX5050/16G/512G/15.6吋 灰｛C13WE-054TW｝▼下殺到 11/1 23:59,42999,RTX5050,16,512G,15.6,新品,C13WE-054TW,15吋 微星 - 炫彩戰鬥系列 Katana / Cyborg MAX,"微星 Cyborg 15 MAX i7-13620H/RTX5050/16G/512G/15.6吋 灰｛C13WE-054TW｝▼下殺到 11/1 23:59, $44900↘$42999 ◆ ★",2026-10-10 05:47
MSI,微星 Cyborg 15 MAX Core 7-240H/RTX5060/16G/512G/15.6吋 灰｛C2WF-007TW｝▼下殺到 11/1 23:59,46999,RTX5060,16,512G,15.6,新品,C2WF-007TW,15吋 微星 - 炫彩戰鬥系列 Katana / Cyborg MAX,"微星 Cyborg 15 MAX Core 7-240H/RTX5060/16G/512G/15.6吋 灰｛C2WF-007TW｝▼下殺到 11/1 23:59, $49900↘$46999 ◆ ★",2026-10-10 05:47
MSI,微星 Cyborg 15 MAX Core 7-240H/RTX5070/16G/512G/15.6吋 灰｛C2WG-006TW｝▼下殺到 11/1 23:59,49999,RTX5070,16,512G,15.6,新品,C2WG-006TW,15吋 微星 - 炫彩戰鬥系列 Katana / Cyborg MAX,"微星 Cyborg 15 MAX Core 7-240H/RTX5070/16G/512G/15.6吋 灰｛C2WG-006TW｝▼下殺到 11/1 23:59, $52900↘$49999 ◆ ★ 熱賣",2026-10-10 05:47
MSI,微星 Pulse A16 AI+ Ryzen AI 7 350/RTX5060/16G/512G/16吋 黑｛C3HWFKG-018TW｝,48400,RTX5060,16,512G,16.0,新品,C3HWFKG-018TW,16吋 微星 - 極致龍魂系列 Pulse / Crosshair MAX / Stealth / Raider MAX,"微星 Pulse A16 AI+ Ryzen AI 7 350/RTX5060/16G/512G/16吋 黑｛C3HWFKG-018TW｝, $48400 ◆ ★",2026-10-10 05:47
MSI,微星 Crosshair A16 HX R9-8940HX/RTX5060/16G/1T/16吋 黑｛E8WFK-015TW｝,53900,RTX5060,16,1T,16.0,新品,E8WFK-015TW,16吋 微星 - 極致龍魂系列 Pulse / Crosshair MAX / Stealth / Raider MAX,"微星 Crosshair A16 HX R9-8940HX/RTX5060/16G/1T/16吋 黑｛E8WFK-015TW｝, $53900 ◆ ★ 熱賣",2026-10-10 05:47
MSI,微星 Crosshair A16 HX R9-8940HX/RTX5070/16G/1T/16吋｛E8WGK-017TW｝,65900,RTX5070,16,1T,16.0,新品,E8WGK-017TW,16吋 微星 - 極致龍魂系列 Pulse / Crosshair MAX / Stealth / Raider MAX,"微星 Crosshair A16 HX R9-8940HX/RTX5070/16G/1T/16吋｛E8WGK-017TW｝, $65900 ◆ ★",2026-10-10 05:47
MSI,微星 Crosshair 16 HX i7-14650HX/RTX5060/16G/1T/16吋 黑｛E14WFK-013TW｝▼下殺到 11/1 23:59,57999,RTX5060,16,1T,16.0,新品,E14WFK-013TW,16吋 微星 - 極致龍魂系列 Pulse / Crosshair MAX / Stealth / Raider MAX,"微星 Crosshair 16 HX i7-14650HX/RTX5060/16G/1T/16吋 黑｛E14WFK-013TW｝▼下殺到 11/1 23:59, $59900↘$57999 ◆ ★",2026-10-10 05:47
MSI,微星 Crosshair 16 HX i9-14900HX/RTX5060/16G/1T/16吋 黑｛E14WFK-014TW｝▼下殺到 11/1 23:59,62999,RTX5060,16,1T,16.0,新品,E14WFK-014TW,16吋 微星 - 極致龍魂系列 Pulse / Crosshair MAX / Stealth / Raider MAX,"微星 Crosshair 16 HX i9-14900HX/RTX5060/16G/1T/16吋 黑｛E14WFK-014TW｝▼下殺到 11/1 23:59, $64900↘$62999 ◆ ★",2026-10-10 05:47
MSI,微星 Crosshair 16 HX i7-14650HX/RTX5070/16G/1T/16吋 黑｛E14WGK-002TW｝▼下殺到 11/1 23:59,64999,RTX5070,16,1T,16.0,新品,E14WGK-002TW,16吋 微星 - 極致龍魂系列 Pulse / Crosshair MAX / Stealth / Raider MAX,"微星 Crosshair 16 HX i7-14650HX/RTX5070/16G/1T/16吋 黑｛E14WGK-002TW｝▼下殺到 11/1 23:59, $67900↘$64999 ◆ ★",2026-10-10 05:47
MSI,微星 Crosshair 16 MAX HX Ultra 9-290HX+/RTX5060/16G/512G/16吋 黑｛E2WFK-024TW｝,62900,RTX5060,16,512G,16.0,新品,E2WFK-024TW,16吋 微星 - 極致龍魂系列 Pulse / Crosshair MAX / Stealth / Raider MAX,"微星 Crosshair 16 MAX HX Ultra 9-290HX+/RTX5060/16G/512G/16吋 黑｛E2WFK-024TW｝, $62900 ◆ ★ 熱賣",2026-10-10 05:47
MSI,微星 Stealth 16 AI Ultra 7-255H/RTX5070/16G/1T/16吋 黑｛A2HWGG-093TW｝,64900,RTX5070,16,1T,16.0,新品,A2HWGG-093TW,16吋 微星 - 極致龍魂系列 Pulse / Crosshair MAX / Stealth / Raider MAX,"微星 Stealth 16 AI Ultra 7-255H/RTX5070/16G/1T/16吋 黑｛A2HWGG-093TW｝, $64900 ◆ ★",2026-10-10 05:47
MSI,微星 Stealth 16 AI+ Ultra 9-386H/RTX5060/16G/1T/16吋 黑｛B3WF-005TW｝,85490,RTX5060,16,1T,16.0,新品,B3WF-005TW,16吋 微星 - 極致龍魂系列 Pulse / Crosshair MAX / Stealth / Raider MAX,"微星 Stealth 16 AI+ Ultra 9-386H/RTX5060/16G/1T/16吋 黑｛B3WF-005TW｝, $85490 ◆ ★",2026-10-10 05:47
MSI,微星 Stealth 16 AI+ Ultra 9-386H/RTX5080/32G/1T/16吋 黑｛B3WI-006TW｝,129000,RTX5080,32,1T,16.0,新品,B3WI-006TW,16吋 微星 - 極致龍魂系列 Pulse / Crosshair MAX / Stealth / Raider MAX,"微星 Stealth 16 AI+ Ultra 9-386H/RTX5080/32G/1T/16吋 黑｛B3WI-006TW｝, $129000 ◆ ★ ↓酷幣5000↓",2026-10-10 05:47
MSI,微星 Raider 16 Ultra 9-275HX/RTX5080/16G/1T/16吋 黑｛B2WI-025TW｝,119000,RTX5080,16,1T,16.0,新品,B2WI-025TW,16吋 微星 - 極致龍魂系列 Pulse / Crosshair MAX / Stealth / Raider MAX,"微星 Raider 16 Ultra 9-275HX/RTX5080/16G/1T/16吋 黑｛B2WI-025TW｝, $119000 ◆ ★",2026-10-10 05:47
MSI,微星 Raider 16 MAX Ultra 9-290HX+/RTX5080/32G/2T/16吋 黑｛B2WI-028TW｝,144900,RTX5080,32,2T,16.0,新品,B2WI-028TW,16吋 微星 - 極致龍魂系列 Pulse / Crosshair MAX / Stealth / Raider MAX,"微星 Raider 16 MAX Ultra 9-290HX+/RTX5080/32G/2T/16吋 黑｛B2WI-028TW｝, $144900 ◆ ★ 熱賣",2026-10-10 05:47
MSI,微星 Raider 16 MAX Ultra 9-290HX+/RTX5090/32G/2T/16吋 黑｛B2WJ-027TW｝,159900,RTX5090,32,2T,16.0,新品,B2WJ-027TW,16吋 微星 - 極致龍魂系列 Pulse / Crosshair MAX / Stealth / Raider MAX,"微星 Raider 16 MAX Ultra 9-290HX+/RTX5090/32G/2T/16吋 黑｛B2WJ-027TW｝, $159900 ◆ ★ 熱賣",2026-10-10 05:47
MSI,微星 Katana 17 i7-14700HX/RTX5060/16G/1T/17.3吋 黑｛B14WFK-288TW｝▼下殺到 11/1 23:59,49999,RTX5060,16,1T,17.3,新品,B14WFK-288TW,17 吋 微星 - 巔峰效能系列 Katana / Cyborg / Crosshair,"微星 Katana 17 i7-14700HX/RTX5060/16G/1T/17.3吋 黑｛B14WFK-288TW｝▼下殺到 11/1 23:59, $59900↘$49999 ◆ ★",2026-10-10 05:47
MSI,微星 Cyborg 17 Core 7-240H/RTX5050/16G/512G/17.3吋 黑｛B2RWEKG-425TW｝,41999,RTX5050,16,512G,17.3,新品,B2RWEKG-425TW,17 吋 微星 - 巔峰效能系列 Katana / Cyborg / Crosshair,"微星 Cyborg 17 Core 7-240H/RTX5050/16G/512G/17.3吋 黑｛B2RWEKG-425TW｝, $41999 ◆ ★",2026-10-10 05:47
MSI,微星 Cyborg 17 Core 7-240H/RTX5060/16G/512G/17.3吋 黑｛B2RWFKG-426TW｝,46900,RTX5060,16,512G,17.3,新品,B2RWFKG-426TW,17 吋 微星 - 巔峰效能系列 Katana / Cyborg / Crosshair,"微星 Cyborg 17 Core 7-240H/RTX5060/16G/512G/17.3吋 黑｛B2RWFKG-426TW｝, $46900 ◆ ★",2026-10-10 05:47
MSI,微星 Crosshair 17 HX AI Ultra 7-255HX/RTX5060/16G/1T/17.3吋 黑｛D2XWFKG-010TW｝▼下殺到 11/1 23:59,57999,RTX5060,16,1T,17.3,新品,D2XWFKG-010TW,17 吋 微星 - 巔峰效能系列 Katana / Cyborg / Crosshair,"微星 Crosshair 17 HX AI Ultra 7-255HX/RTX5060/16G/1T/17.3吋 黑｛D2XWFKG-010TW｝▼下殺到 11/1 23:59, $62900↘$57999 ★",2026-10-10 05:47
MSI,微星 Crosshair 18 HX AI Ultra 9-275HX/RTX5060/16G/1T/18吋 黑｛A2XWFKG-058TW｝▼下殺到 11/1 23:59,64999,RTX5060,16,1T,18.0,新品,A2XWFKG-058TW,18 吋 微星 - 極致炫彩系列 Vector/Crosshair/Stealth/Raider/Titan 電競霸主,"微星 Crosshair 18 HX AI Ultra 9-275HX/RTX5060/16G/1T/18吋 黑｛A2XWFKG-058TW｝▼下殺到 11/1 23:59, $67900↘$64999 ◆ ★",2026-10-10 05:47
MSI,微星 Raider A18 HX Ryzen 9-9955HX3D/RTX5090/64G/2T/18吋 黑｛A9WJG-043TW｝,168000,RTX5090,64,2T,18.0,新品,A9WJG-043TW,18 吋 微星 - 極致炫彩系列 Vector/Crosshair/Stealth/Raider/Titan 電競霸主,"微星 Raider A18 HX Ryzen 9-9955HX3D/RTX5090/64G/2T/18吋 黑｛A9WJG-043TW｝, $168000 ◆ ★ ↓酷幣8000↓",2026-10-10 05:47
MSI,微星 Titan 18 HX Ultra 9-290HX+/RTX5090/64G/2T/18吋 黑｛A2WJ-1041TW｝,199900,RTX5090,64,2T,18.0,新品,A2WJ-1041TW,18 吋 微星 - 極致炫彩系列 Vector/Crosshair/Stealth/Raider/Titan 電競霸主,"微星 Titan 18 HX Ultra 9-290HX+/RTX5090/64G/2T/18吋 黑｛A2WJ-1041TW｝, $199900 ◆ ★ ↓酷幣3900↓",2026-10-10 05:47
MSI,微星 Titan 18 HX Ultra 9-290HX+/RTX5090/96G/4T/18吋 天龍座｛A2WJ-1215TW｝,229900,RTX5090,96,4T,18.0,新品,A2WJ-1215TW,18 吋 微星 - 極致炫彩系列 Vector/Crosshair/Stealth/Raider/Titan 電競霸主,"微星 Titan 18 HX Ultra 9-290HX+/RTX5090/96G/4T/18吋 天龍座｛A2WJ-1215TW｝, $229900 ◆ ★",2026-10-10 05:47
LG,LG Gram Ultra 5-226V/16G/512G/16吋 白｛16Z90TL-G.AS54C2｝,36300,內建顯示,16,512G,16.0,新品,16Z90TL-G.AS54C2,16吋 LG Gram -榮獲金氏世界紀錄最輕16吋筆電,"LG Gram Ultra 5-226V/16G/512G/16吋 白｛16Z90TL-G.AS54C2｝, $36300 ◆ ★ 熱賣",2026-10-10 05:47
LG,LG Gram Ultra 5-226V/16G/512G/16吋 黑｛16Z90TL-G.AS55C2｝,36300,內建顯示,16,512G,16.0,新品,16Z90TL-G.AS55C2,16吋 LG Gram -榮獲金氏世界紀錄最輕16吋筆電,"LG Gram Ultra 5-226V/16G/512G/16吋 黑｛16Z90TL-G.AS55C2｝, $36300 ◆ ★ 熱賣",2026-10-10 05:47
LG,LG Gram Pro Ultra 7-355/32G/1T/16吋 純淨白｛16Z90U-G.AU87C2｝,102500,內建顯示,32,1T,16.0,新品,16Z90U-G.AU87C2,16 吋 LG Gram Pro 最新的處理器，領航著速度的先驅,"LG Gram Pro Ultra 7-355/32G/1T/16吋 純淨白｛16Z90U-G.AU87C2｝, $102500 ◆ ★",2026-10-10 05:47
LG,LG Gram Pro Ultra X7-358H/32G/1T/16吋 極光白｛16Z90U-K.AUB7C2｝,111500,內建顯示,32,1T,16.0,新品,16Z90U-K.AUB7C2,16 吋 LG Gram Pro 最新的處理器，領航著速度的先驅,"LG Gram Pro Ultra X7-358H/32G/1T/16吋 極光白｛16Z90U-K.AUB7C2｝, $111500 ◆ ★",2026-10-10 05:47
LG,LG Gram Pro Ultra X7-358H/32G/1T/16吋 星曜黑｛16Z90U-K.AUB8C2｝,111500,內建顯示,32,1T,16.0,新品,16Z90U-K.AUB8C2,16 吋 LG Gram Pro 最新的處理器，領航著速度的先驅,"LG Gram Pro Ultra X7-358H/32G/1T/16吋 星曜黑｛16Z90U-K.AUB8C2｝, $111500 ◆ ★",2026-10-10 05:47
LG,LG Gram Pro Ultra 7-355/32G/1T/17吋 曜石黑｛17Z90U-G.AU88C2｝,106500,內建顯示,32,1T,17.0,新品,17Z90U-G.AU88C2,17 吋 LG Gram 高科技奈米碳鎂通過美國軍規測試,"LG Gram Pro Ultra 7-355/32G/1T/17吋 曜石黑｛17Z90U-G.AU88C2｝, $106500 ◆ ★",2026-10-10 05:47
HP,HP OmniBook 3 U5-325/16G/512G/14吋 冰川銀｛14-hs0018TU｝,39900,內建顯示,16,512G,14.0,新品,14-hs0018TU,14 吋 HP OmniBook 3,"HP OmniBook 3 U5-325/16G/512G/14吋 冰川銀｛14-hs0018TU｝, $39900 ◆ ★",2026-10-10 05:47
HP,HP OmniBook 3 C5-120U/16G/512G/16吋 冰川銀｛16-bu0029TU｝,34900,內建顯示,16,512G,16.0,新品,16-bu0029TU,16 吋 HP OmniBook 3,"HP OmniBook 3 C5-120U/16G/512G/16吋 冰川銀｛16-bu0029TU｝, $34900 ◆ ★",2026-10-10 05:47
HP,HP OmniBook 3 AI C5-315/16G/512G/17吋 冰川銀｛17-dg0005TU｝,36900,內建顯示,16,512G,17.0,新品,17-dg0005TU,17 吋 HP OmniBook 3,"HP OmniBook 3 AI C5-315/16G/512G/17吋 冰川銀｛17-dg0005TU｝, $36900 ◆ ★",2026-10-10 05:47
HP,HP OmniBook 5 Flip C5-120U/16G/512G/14吋/翻轉觸控 閨蜜粉｛14-fp0043TU｝,32900,內建顯示,16,512G,14.0,新品,14-fp0043TU,14 吋 HP OmniBook 5 Flip 翻轉觸控筆電,"HP OmniBook 5 Flip C5-120U/16G/512G/14吋/翻轉觸控 閨蜜粉｛14-fp0043TU｝, $32900 ◆ ★ 熱賣",2026-10-10 05:47
HP,HP OmniBook 5 Flip C5-120U/16G/512G/14吋/翻轉觸控 冰川銀｛14-fp0044TU｝,32900,內建顯示,16,512G,14.0,新品,14-fp0044TU,14 吋 HP OmniBook 5 Flip 翻轉觸控筆電,"HP OmniBook 5 Flip C5-120U/16G/512G/14吋/翻轉觸控 冰川銀｛14-fp0044TU｝, $32900 ◆ ★ 熱賣",2026-10-10 05:47
HP,HP OmniBook 5 Flip C7-150U/16G/1T/14吋/翻轉觸控 匠心銀｛14-fp0042TU｝,37900,內建顯示,16,1T,14.0,新品,14-fp0042TU,14 吋 HP OmniBook 5 Flip 翻轉觸控筆電,"HP OmniBook 5 Flip C7-150U/16G/1T/14吋/翻轉觸控 匠心銀｛14-fp0042TU｝, $37900 ◆ ★",2026-10-10 05:47
HP,HP OmniBook 5 Flip U5-322/16G/512G/14吋/翻轉觸控 閨蜜粉｛14-km0047TU｝,41900,內建顯示,16,512G,14.0,新品,14-km0047TU,14 吋 HP OmniBook 5 Flip 翻轉觸控筆電,"HP OmniBook 5 Flip U5-322/16G/512G/14吋/翻轉觸控 閨蜜粉｛14-km0047TU｝, $41900 ◆ ★",2026-10-10 05:47
HP,HP OmniBook X FlipNGAI U5-325/16G/1T/14吋/翻轉觸控 職人灰｛14-kb0077TU｝,49900,內建顯示,16,1T,14.0,新品,14-kb0077TU,14 吋 HP OmniBook X FlipNGAI 翻轉觸控系列,"HP OmniBook X FlipNGAI U5-325/16G/1T/14吋/翻轉觸控 職人灰｛14-kb0077TU｝, $49900 ★",2026-10-10 05:47
HP,HP OmniBook Ultra AI U7-356H/32G/1T/14吋/觸控螢幕 流星金｛14-kd0024TU｝,74900,內建顯示,32,1T,14.0,新品,14-kd0024TU,14 吋 HP OmniBook UltraNGAI 觸控系列,"HP OmniBook Ultra AI U7-356H/32G/1T/14吋/觸控螢幕 流星金｛14-kd0024TU｝, $74900 ◆ ★",2026-10-10 05:47
HP,HP Victus Gaming i5-14450HX/RTX3050/16G/512G/15.6吋 黑｛15-fa2312TX｝,35999,RTX3050,16,512G,15.6,新品,15-fa2312TX,15吋 HP HyperX OMEN 潮競系列 /Victus 光影系列,"HP Victus Gaming i5-14450HX/RTX3050/16G/512G/15.6吋 黑｛15-fa2312TX｝, $35999 ◆ ★",2026-10-10 05:47
HP,HP HyperX OMEN i7-14650HX/RTX5060/16G/1T/15.3吋 究極黑｛15-ga0008TX｝,61888,RTX5060,16,1T,15.3,新品,15-ga0008TX,15吋 HP HyperX OMEN 潮競系列 /Victus 光影系列,"HP HyperX OMEN i7-14650HX/RTX5060/16G/1T/15.3吋 究極黑｛15-ga0008TX｝, $61888 ◆ ★",2026-10-10 05:47
HP,HP HyperX OMEN i7-14650HX/RTX5060/16G/1T/15.3吋 究極黑｛15-ga0006TX｝,72900,RTX5060,16,1T,15.3,新品,15-ga0006TX,15吋 HP HyperX OMEN 潮競系列 /Victus 光影系列,"HP HyperX OMEN i7-14650HX/RTX5060/16G/1T/15.3吋 究極黑｛15-ga0006TX｝, $72900 ★",2026-10-10 05:47
HP,HP HyperX OMEN U9-386H/RTX5070/16G/1T/15.3吋 究極黑｛15-ga0166TX｝,79900,RTX5070,16,1T,15.3,新品,15-ga0166TX,15吋 HP HyperX OMEN 潮競系列 /Victus 光影系列,"HP HyperX OMEN U9-386H/RTX5070/16G/1T/15.3吋 究極黑｛15-ga0166TX｝, $79900 ★",2026-10-10 05:47
HP,HP ZBook Firefly G11A /R7-PRO 8840HS/8G/512G/14吋 灰｛A8NM6PT｝,35900,內建顯示,8,512G,14.0,新品,A8NM6PT,14 吋 HP惠普 ZBook Firefly 14 系列〈創意行動達人〉,"HP ZBook Firefly G11A /R7-PRO 8840HS/8G/512G/14吋 灰｛A8NM6PT｝, $35900 ◆ ★",2026-10-10 05:47
HP,HP ZBook 8 G1i 16 特仕版 /Ultra 7-255U/16G+16G/512G/16吋 灰｛BR7K6PT｝~限量再送延保,57900,內建顯示,32,512G,16.0,新品,BR7K6PT,16 吋 HP惠普 ZBook 8 G1i/G1a 14 系列,"HP ZBook 8 G1i 16 特仕版 /Ultra 7-255U/16G+16G/512G/16吋 灰｛BR7K6PT｝~限量再送延保, $57900 ◆ ★",2026-10-10 05:47
